playerId,season,name,team,position,situation,games_played,icetime,xGoals,goals,unblocked_shot_attempts,xRebounds,rebounds,xFreeze,freeze,xOnGoal,ongoal,xPlayStopped,playStopped,xPlayContinuedInZone,playContinuedInZone,xPlayContinuedOutsideZone,playContinuedOutsideZone,flurryAdjustedxGoals,lowDangerShots,mediumDangerShots,highDangerShots,lowDangerxGoals,mediumDangerxGoals,highDangerxGoals,lowDangerGoals,mediumDangerGoals,highDangerGoals,blocked_shot_attempts,penalityMinutes,penalties
8478971,2025,Connor Ingram,EDM,G,other,5,666.0,1.23,0.0,11.0,0.38,1.0,0.89,0.0,4.63,2.0,0.08,0.0,2.33,1.0,1.02,4.0,1.15,3.0,1.0,2.0,0.17,0.17,0.89,0.0,0.0,0.0,5.0,0.0,0.0
8478971,2025,Connor Ingram,EDM,G,all,5,17710.0,16.06,19.0,310.0,11.34,24.0,42.59,39.0,171.34,153.0,5.05,0.0,92.59,66.0,67.3,87.0,15.41,179.0,38.0,19.0,5.03,4.38,6.65,4.0,6.0,9.0,74.0,0.0,0.0
8478971,2025,Connor Ingram,EDM,G,5on5,5,14921.0,10.07,12.0,261.0,9.01,17.0,36.84,33.0,142.31,125.0,4.14,0.0,77.87,58.0,59.08,77.0,9.79,158.0,32.0,8.0,4.41,3.66,2.0,4.0,5.0,3.0,63.0,0.0,0.0
8478971,2025,Connor Ingram,EDM,G,4on5,5,883.0,4.53,6.0,36.0,1.86,6.0,4.69,6.0,22.95,24.0,0.09,0.0,11.91,7.0,6.23,5.0,4.24,17.0,5.0,8.0,0.44,0.55,3.54,0.0,1.0,5.0,6.0,0.0,0.0
8478971,2025,Connor Ingram,EDM,G,5on4,5,1240.0,0.23,1.0,2.0,0.09,0.0,0.17,0.0,1.44,2.0,0.74,0.0,0.48,0.0,0.97,1.0,0.23,1.0,0.0,1.0,0.02,0.0,0.21,0.0,0.0,1.0,0.0,0.0,0.0
8478872,2025,Karel Vejmelka,UTA,G,other,6,1079.0,0.75,1.0,16.0,0.48,2.0,1.41,1.0,6.13,5.0,0.21,0.0,3.5,3.0,1.65,1.0,0.71,4.0,3.0,1.0,0.11,0.33,0.32,0.0,0.0,1.0,8.0,0.0,0.0
8478872,2025,Karel Vejmelka,UTA,G,all,6,24125.0,19.1,21.0,412.0,15.03,25.0,53.74,54.0,215.18,182.0,6.82,1.0,116.05,105.0,83.46,90.0,18.0,225.0,51.0,19.0,6.27,5.86,6.97,8.0,4.0,9.0,117.0,0.0,0.0
8478872,2025,Karel Vejmelka,UTA,G,5on5,6,19090.0,13.15,14.0,333.0,11.54,17.0,45.01,49.0,175.04,144.0,5.55,1.0,95.13,88.0,70.09,73.0,12.72,189.0,42.0,10.0,5.32,4.91,2.92,6.0,3.0,5.0,92.0,0.0,0.0
8478872,2025,Karel Vejmelka,UTA,G,4on5,6,2072.0,4.19,4.0,53.0,2.63,6.0,6.4,3.0,28.48,25.0,0.0,0.0,15.34,12.0,8.33,13.0,3.59,26.0,6.0,6.0,0.67,0.63,2.89,1.0,1.0,2.0,15.0,0.0,0.0
8478872,2025,Karel Vejmelka,UTA,G,5on4,6,1884.0,1.01,2.0,10.0,0.38,0.0,0.93,1.0,5.53,8.0,1.05,0.0,2.08,2.0,3.4,3.0,0.98,6.0,0.0,2.0,0.17,0.0,0.84,1.0,0.0,1.0,2.0,0.0,0.0
8479979,2025,Jake Oettinger,DAL,G,other,6,506.0,0.7,1.0,7.0,0.36,0.0,1.14,1.0,5.5,5.0,0.05,0.0,2.55,5.0,2.09,0.0,0.69,4.0,1.0,2.0,0.13,0.15,0.43,0.0,0.0,1.0,0.0,0.0,0.0
8479979,2025,Jake Oettinger,DAL,G,all,6,24193.0,15.9,19.0,356.0,12.44,18.0,46.35,29.0,189.16,178.0,6.57,0.0,102.36,109.0,75.45,83.0,15.22,206.0,33.0,20.0,5.2,3.89,6.8,8.0,3.0,8.0,97.0,0.0,0.0
8479979,2025,Jake Oettinger,DAL,G,5on5,6,19000.0,10.61,14.0,269.0,8.29,15.0,35.55,20.0,138.74,131.0,5.29,0.0,74.08,74.0,57.65,68.0,10.03,152.0,26.0,13.0,3.64,3.04,3.93,7.0,3.0,4.0,78.0,0.0,0.0
8479979,2025,Jake Oettinger,DAL,G,4on5,6,2698.0,4.3,4.0,74.0,3.61,3.0,9.09,8.0,41.2,38.0,0.08,0.0,24.56,28.0,13.01,12.0,4.22,45.0,6.0,5.0,1.16,0.7,2.44,1.0,0.0,3.0,18.0,0.0,0.0
8479979,2025,Jake Oettinger,DAL,G,5on4,6,1989.0,0.28,0.0,6.0,0.18,0.0,0.57,0.0,3.73,4.0,1.14,0.0,1.16,2.0,2.71,3.0,0.28,5.0,0.0,0.0,0.28,0.0,0.0,0.0,0.0,0.0,1.0,0.0,0.0
8479406,2025,Filip Gustavsson,MIN,G,other,1,0.0,0.0,0.0,0.0,0.0,0.0,0.0,0.0,0.0,0.0,0.0,0.0,0.0,0.0,0.0,0.0,0.0,0.0,0.0,0.0,0.0,0.0,0.0,0.0,0.0,0.0,0.0,0.0,0.0
8479406,2025,Filip Gustavsson,MIN,G,all,1,3428.0,2.73,4.0,50.0,1.82,2.0,5.78,3.0,24.95,22.0,1.24,0.0,14.1,12.0,8.8,13.0,2.57,21.0,10.0,3.0,0.75,1.17,0.81,2.0,2.0,0.0,16.0,0.0,0.0
8479406,2025,Filip Gustavsson,MIN,G,5on5,1,2724.0,0.93,2.0,33.0,0.85,0.0,3.74,3.0,14.26,13.0,0.69,0.0,8.2,7.0,5.83,8.0,0.93,17.0,2.0,1.0,0.49,0.22,0.22,2.0,0.0,0.0,13.0,0.0,0.0
8479406,2025,Filip Gustavsson,MIN,G,4on5,1,464.0,1.73,2.0,16.0,0.92,2.0,1.93,0.0,9.93,8.0,0.05,0.0,5.62,5.0,2.48,4.0,1.57,3.0,8.0,2.0,0.19,0.95,0.59,0.0,2.0,0.0,3.0,0.0,0.0
8479406,2025,Filip Gustavsson,MIN,G,5on4,1,240.0,0.07,0.0,1.0,0.05,0.0,0.1,0.0,0.77,1.0,0.49,0.0,0.28,0.0,0.48,1.0,0.07,1.0,0.0,0.0,0.07,0.0,0.0,0.0,0.0,0.0,0.0,0.0,0.0
8476883,2025,Andrei Vasilevskiy,TBL,G,other,7,1023.0,0.89,0.0,15.0,0.49,0.0,1.76,1.0,8.11,4.0,0.24,0.0,4.41,5.0,3.19,4.0,0.86,6.0,5.0,0.0,0.26,0.63,0.0,0.0,0.0,0.0,4.0,0.0,0.0
8476883,2025,Andrei Vasilevskiy,TBL,G,all,7,26385.0,18.93,16.0,353.0,12.34,16.0,42.81,30.0,182.4,156.0,7.62,1.0,96.42,80.0,70.37,104.0,18.16,173.0,53.0,21.0,5.35,6.57,7.0,5.0,4.0,7.0,106.0,0.0,0.0
8476883,2025,Andrei Vasilevskiy,TBL,G,5on5,7,19949.0,10.56,11.0,259.0,7.92,11.0,32.52,19.0,130.55,111.0,5.52,0.0,68.83,57.0,52.82,79.0,10.4,134.0,35.0,8.0,4.06,4.37,2.13,5.0,4.0,2.0,82.0,0.0,0.0
8476883,2025,Andrei Vasilevskiy,TBL,G,4on5,7,2639.0,6.47,5.0,70.0,3.49,4.0,7.53,10.0,38.15,35.0,0.0,0.0,21.19,17.0,11.02,15.0,6.01,28.0,12.0,11.0,0.81,1.46,4.2,0.0,0.0,5.0,19.0,0.0,0.0
8476883,2025,Andrei Vasilevskiy,TBL,G,5on4,7,2774.0,1.01,0.0,9.0,0.43,1.0,0.99,0.0,5.59,6.0,1.86,1.0,2.0,1.0,3.34,6.0,0.89,5.0,1.0,2.0,0.23,0.11,0.67,0.0,0.0,0.0,1.0,0.0,0.0
8479312,2025,Alex Lyon,BUF,G,other,9,865.0,1.53,0.0,26.0,1.05,0.0,3.57,2.0,16.73,14.0,0.18,0.0,9.82,10.0,5.44,10.0,1.43,16.0,5.0,1.0,0.76,0.55,0.21,0.0,0.0,0.0,4.0,0.0,0.0
8479312,2025,Alex Lyon,BUF,G,all,9,27192.0,19.96,17.0,419.0,14.78,16.0,52.87,35.0,221.96,205.0,8.38,1.0,119.72,120.0,86.02,110.0,19.27,219.0,63.0,19.0,6.75,7.67,5.55,3.0,9.0,5.0,118.0,0.0,0.0
8479312,2025,Alex Lyon,BUF,G,5on5,9,20859.0,12.94,12.0,303.0,10.02,14.0,40.18,28.0,158.08,142.0,6.11,1.0,84.78,87.0,62.58,74.0,12.59,166.0,38.0,12.0,5.19,4.71,3.04,3.0,8.0,1.0,87.0,0.0,0.0
8479312,2025,Alex Lyon,BUF,G,4on5,9,2398.0,4.88,4.0,75.0,3.3,1.0,7.63,5.0,37.63,37.0,0.18,0.0,22.32,21.0,11.57,18.0,4.64,28.0,17.0,6.0,0.56,2.02,2.29,0.0,0.0,4.0,24.0,0.0,0.0
8479312,2025,Alex Lyon,BUF,G,5on4,9,3070.0,0.62,1.0,15.0,0.41,1.0,1.48,0.0,9.52,12.0,1.92,0.0,2.79,2.0,6.43,8.0,0.61,9.0,3.0,0.0,0.23,0.39,0.0,0.0,1.0,0.0,3.0,0.0,0.0
8479394,2025,Carter Hart,VGK,G,other,12,1671.0,3.49,0.0,61.0,2.16,2.0,6.14,1.0,28.99,24.0,0.18,0.0,19.02,25.0,8.16,12.0,3.22,29.0,9.0,2.0,1.38,1.0,1.11,0.0,0.0,0.0,21.0,0.0,0.0
8479394,2025,Carter Hart,VGK,G,all,12,45511.0,34.2,30.0,778.0,27.69,48.0,104.89,71.0,412.94,352.0,13.51,1.0,228.59,221.0,157.38,196.0,32.57,445.0,87.0,35.0,12.97,10.25,10.97,15.0,9.0,6.0,211.0,2.0,1.0
8479394,2025,Carter Hart,VGK,G,5on5,12,36327.0,25.09,25.0,595.0,19.93,38.0,84.49,54.0,319.92,269.0,10.89,0.0,170.59,160.0,126.79,160.0,24.17,344.0,67.0,27.0,9.54,7.99,7.56,12.0,8.0,5.0,157.0,2.0,1.0
8479394,2025,Carter Hart,VGK,G,4on5,12,4031.0,5.52,5.0,115.0,5.47,8.0,13.81,16.0,60.51,55.0,0.36,0.0,37.74,35.0,19.45,20.0,5.08,67.0,11.0,6.0,1.95,1.26,2.31,3.0,1.0,1.0,31.0,0.0,0.0
8479394,2025,Carter Hart,VGK,G,5on4,12,3482.0,0.1,0.0,7.0,0.13,0.0,0.45,0.0,3.51,4.0,2.08,1.0,1.24,1.0,2.98,4.0,0.1,5.0,0.0,0.0,0.1,0.0,0.0,0.0,0.0,0.0,2.0,0.0,0.0
8476999,2025,Linus Ullmark,OTT,G,other,4,554.0,1.33,0.0,11.0,0.59,1.0,2.03,4.0,8.43,8.0,0.1,0.0,4.5,2.0,2.25,4.0,1.04,4.0,6.0,1.0,0.12,0.82,0.39,0.0,0.0,0.0,0.0,0.0,0.0
8476999,2025,Linus Ullmark,OTT,G,all,4,15985.0,15.66,9.0,303.0,10.89,25.0,41.51,32.0,166.3,133.0,4.39,1.0,87.64,82.0,64.54,77.0,14.43,169.0,38.0,19.0,5.04,4.7,5.91,4.0,4.0,1.0,77.0,0.0,0.0
8476999,2025,Linus Ullmark,OTT,G,5on5,4,12464.0,11.23,7.0,241.0,8.23,20.0,34.19,23.0,128.34,100.0,3.68,0.0,68.62,71.0,49.2,54.0,10.51,138.0,23.0,15.0,4.24,2.74,4.24,4.0,3.0,0.0,65.0,0.0,0.0
8476999,2025,Linus Ullmark,OTT,G,4on5,4,1331.0,1.88,2.0,37.0,1.58,3.0,3.93,4.0,18.63,16.0,0.04,0.0,11.27,8.0,5.73,8.0,1.71,18.0,6.0,1.0,0.36,0.75,0.76,0.0,1.0,1.0,12.0,0.0,0.0
8476999,2025,Linus Ullmark,OTT,G,5on4,4,1636.0,1.22,0.0,14.0,0.49,1.0,1.36,1.0,10.9,9.0,0.57,1.0,3.25,1.0,7.37,11.0,1.17,9.0,3.0,2.0,0.32,0.38,0.52,0.0,0.0,0.0,0.0,0.0,0.0
8477465,2025,Tristan Jarry,EDM,G,other,1,19.0,0.0,0.0,0.0,0.0,0.0,0.0,0.0,0.0,0.0,0.0,0.0,0.0,0.0,0.0,0.0,0.0,0.0,0.0,0.0,0.0,0.0,0.0,0.0,0.0,0.0,0.0,0.0,0.0
8477465,2025,Tristan Jarry,EDM,G,all,1,3749.0,3.49,4.0,70.0,2.32,3.0,9.85,14.0,37.28,38.0,0.83,0.0,20.0,14.0,14.07,15.0,3.4,38.0,9.0,4.0,1.22,1.09,1.19,1.0,2.0,1.0,19.0,0.0,0.0
8477465,2025,Tristan Jarry,EDM,G,5on5,1,3244.0,2.56,2.0,57.0,1.69,3.0,8.14,12.0,28.52,29.0,0.75,0.0,14.69,11.0,10.94,11.0,2.49,31.0,4.0,4.0,0.87,0.51,1.19,1.0,0.0,1.0,18.0,0.0,0.0
8477465,2025,Tristan Jarry,EDM,G,4on5,1,426.0,0.92,2.0,12.0,0.6,0.0,1.59,2.0,7.98,8.0,0.03,0.0,5.06,3.0,2.58,4.0,0.9,6.0,5.0,0.0,0.34,0.58,0.0,0.0,2.0,0.0,1.0,0.0,0.0
8477465,2025,Tristan Jarry,EDM,G,5on4,1,60.0,0.01,0.0,1.0,0.03,0.0,0.12,0.0,0.79,1.0,0.06,0.0,0.26,0.0,0.55,0.0,0.01,1.0,0.0,0.0,0.01,0.0,0.0,0.0,0.0,0.0,0.0,0.0,0.0
8476914,2025,Joonas Korpisalo,BOS,G,other,1,120.0,0.08,0.0,1.0,0.05,0.0,0.14,1.0,0.7,1.0,0.02,0.0,0.34,0.0,0.37,0.0,0.08,1.0,0.0,0.0,0.08,0.0,0.0,0.0,0.0,0.0,0.0,0.0,0.0
8476914,2025,Joonas Korpisalo,BOS,G,all,1,799.0,1.39,0.0,10.0,0.43,0.0,1.15,3.0,6.39,6.0,0.32,0.0,3.35,4.0,2.48,2.0,1.28,5.0,1.0,3.0,0.25,0.09,1.04,0.0,0.0,0.0,1.0,0.0,0.0
8476914,2025,Joonas Korpisalo,BOS,G,5on5,1,484.0,0.27,0.0,5.0,0.24,0.0,0.73,0.0,3.61,2.0,0.21,0.0,2.01,4.0,1.64,1.0,0.27,4.0,1.0,0.0,0.17,0.09,0.0,0.0,0.0,0.0,0.0,0.0,0.0
8476914,2025,Joonas Korpisalo,BOS,G,4on5,1,195.0,1.04,0.0,4.0,0.14,0.0,0.28,2.0,2.07,3.0,0.09,0.0,0.99,0.0,0.47,1.0,0.94,0.0,0.0,3.0,0.0,0.0,1.04,0.0,0.0,0.0,1.0,0.0,0.0
8476914,2025,Joonas Korpisalo,BOS,G,5on4,1,0.0,0.0,0.0,0.0,0.0,0.0,0.0,0.0,0.0,0.0,0.0,0.0,0.0,0.0,0.0,0.0,0.0,0.0,0.0,0.0,0.0,0.0,0.0,0.0,0.0,0.0,0.0,0.0,0.0
8476341,2025,Anton Forsberg,LAK,G,other,4,477.0,0.37,0.0,12.0,0.28,0.0,1.1,2.0,5.14,4.0,0.03,0.0,2.61,2.0,2.48,3.0,0.37,6.0,1.0,0.0,0.27,0.11,0.0,0.0,0.0,0.0,5.0,0.0,0.0
8476341,2025,Anton Forsberg,LAK,G,all,4,14652.0,11.95,11.0,278.0,8.98,12.0,35.68,24.0,139.63,121.0,3.93,0.0,74.15,84.0,56.6,60.0,11.57,151.0,30.0,11.0,4.54,3.64,3.77,5.0,2.0,4.0,86.0,0.0,0.0
8476341,2025,Anton Forsberg,LAK,G,5on5,4,11858.0,8.75,9.0,234.0,7.37,10.0,31.25,21.0,115.5,97.0,3.12,0.0,62.66,73.0,46.12,46.0,8.5,131.0,21.0,8.0,3.78,2.62,2.35,4.0,2.0,3.0,74.0,0.0,0.0
8476341,2025,Anton Forsberg,LAK,G,4on5,4,940.0,2.56,1.0,24.0,1.13,2.0,2.32,1.0,13.1,14.0,0.13,0.0,7.06,7.0,3.47,6.0,2.48,6.0,8.0,3.0,0.23,0.91,1.41,0.0,0.0,1.0,7.0,0.0,0.0
8476341,2025,Anton Forsberg,LAK,G,5on4,4,1377.0,0.26,1.0,8.0,0.2,0.0,1.0,0.0,5.9,6.0,0.66,0.0,1.82,2.0,4.54,5.0,0.22,8.0,0.0,0.0,0.26,0.0,0.0,1.0,0.0,0.0,0.0,0.0,0.0
8480280,2025,Jeremy Swayman,BOS,G,other,6,510.0,1.43,1.0,27.0,1.22,2.0,2.69,3.0,12.56,12.0,0.05,0.0,7.73,7.0,3.51,4.0,1.39,12.0,3.0,2.0,0.45,0.37,0.61,0.0,0.0,1.0,10.0,0.0,0.0
8480280,2025,Jeremy Swayman,BOS,G,all,6,21040.0,16.32,17.0,390.0,15.9,23.0,51.98,58.0,210.69,181.0,5.24,1.0,116.65,111.0,79.16,77.0,15.61,219.0,58.0,10.0,6.29,7.3,2.74,9.0,5.0,3.0,103.0,0.0,0.0
8480280,2025,Jeremy Swayman,BOS,G,5on5,6,16357.0,11.08,15.0,279.0,9.84,14.0,38.25,43.0,146.96,123.0,4.15,0.0,80.53,74.0,57.35,55.0,10.69,159.0,36.0,7.0,4.68,4.57,1.83,9.0,4.0,2.0,77.0,0.0,0.0
8480280,2025,Jeremy Swayman,BOS,G,4on5,6,2561.0,3.42,1.0,77.0,4.55,7.0,10.32,12.0,45.66,41.0,0.13,0.0,26.69,27.0,14.57,14.0,3.14,43.0,17.0,1.0,1.04,2.08,0.3,0.0,1.0,0.0,16.0,0.0,0.0
8480280,2025,Jeremy Swayman,BOS,G,5on4,6,1612.0,0.4,0.0,7.0,0.28,0.0,0.73,0.0,5.51,5.0,0.92,1.0,1.71,3.0,3.73,4.0,0.39,5.0,2.0,0.0,0.13,0.27,0.0,0.0,0.0,0.0,0.0,0.0,0.0
8480045,2025,Ukko-Pekka Luukkonen,BUF,G,other,4,608.0,0.46,1.0,13.0,0.38,0.0,0.88,0.0,3.65,3.0,0.2,0.0,2.71,4.0,1.38,1.0,0.46,5.0,0.0,1.0,0.14,0.0,0.32,0.0,0.0,1.0,7.0,0.0,0.0
8480045,2025,Ukko-Pekka Luukkonen,BUF,G,all,4,12009.0,11.76,14.0,210.0,7.45,14.0,26.89,19.0,107.75,93.0,3.63,1.0,55.96,56.0,39.2,41.0,11.25,94.0,37.0,14.0,2.56,4.76,4.43,3.0,5.0,6.0,65.0,0.0,0.0
8480045,2025,Ukko-Pekka Luukkonen,BUF,G,5on5,4,9108.0,8.01,10.0,157.0,5.31,11.0,21.63,15.0,81.97,70.0,2.86,1.0,41.14,42.0,30.08,30.0,7.56,73.0,28.0,8.0,2.07,3.68,2.26,3.0,5.0,2.0,48.0,0.0,0.0
8480045,2025,Ukko-Pekka Luukkonen,BUF,G,4on5,4,1200.0,3.06,3.0,37.0,1.69,3.0,4.07,4.0,19.91,17.0,0.08,0.0,11.35,10.0,6.17,7.0,3.0,14.0,8.0,5.0,0.28,0.93,1.85,0.0,0.0,3.0,10.0,0.0,0.0
8480045,2025,Ukko-Pekka Luukkonen,BUF,G,5on4,4,1093.0,0.22,0.0,3.0,0.08,0.0,0.31,0.0,2.22,3.0,0.48,0.0,0.76,0.0,1.57,3.0,0.22,2.0,1.0,0.0,0.07,0.15,0.0,0.0,0.0,0.0,0.0,0.0,0.0
8478435,2025,Dan Vladar,PHI,G,other,10,1684.0,2.59,3.0,29.0,1.01,1.0,3.87,1.0,17.45,17.0,0.46,0.0,8.15,9.0,6.8,9.0,2.22,14.0,5.0,4.0,0.46,0.66,1.47,0.0,1.0,2.0,6.0,0.0,0.0
8478435,2025,Dan Vladar,PHI,G,all,10,38000.0,31.52,23.0,671.0,24.0,41.0,90.39,53.0,356.37,294.0,8.4,0.0,191.63,195.0,139.11,177.0,29.8,384.0,70.0,35.0,10.82,9.18,11.52,8.0,7.0,8.0,182.0,2.0,1.0
8478435,2025,Dan Vladar,PHI,G,5on5,10,28848.0,20.55,14.0,514.0,17.19,31.0,71.66,43.0,270.12,222.0,6.28,0.0,146.14,149.0,107.05,135.0,19.83,301.0,53.0,18.0,8.56,6.98,5.01,7.0,5.0,2.0,142.0,2.0,1.0
8478435,2025,Dan Vladar,PHI,G,4on5,10,4110.0,6.72,5.0,111.0,5.1,7.0,12.95,9.0,57.21,44.0,0.47,0.0,33.88,36.0,18.38,22.0,6.52,60.0,10.0,9.0,1.55,1.32,3.85,1.0,0.0,4.0,32.0,0.0,0.0
8478435,2025,Dan Vladar,PHI,G,5on4,10,3358.0,1.66,1.0,17.0,0.71,2.0,1.91,0.0,11.59,11.0,1.2,0.0,3.45,1.0,6.87,11.0,1.23,9.0,2.0,4.0,0.25,0.22,1.2,0.0,1.0,0.0,2.0,0.0,0.0
8478406,2025,Mackenzie Blackwood,COL,G,other,3,244.0,1.21,1.0,8.0,0.45,3.0,1.42,1.0,6.28,3.0,0.06,0.0,3.34,1.0,1.37,2.0,1.09,4.0,1.0,3.0,0.16,0.16,0.89,0.0,0.0,1.0,0.0,0.0,0.0
8478406,2025,Mackenzie Blackwood,COL,G,all,3,6747.0,5.68,6.0,101.0,4.53,8.0,14.54,8.0,60.51,47.0,2.43,0.0,32.15,31.0,22.09,28.0,5.32,62.0,11.0,8.0,1.96,1.19,2.52,3.0,2.0,1.0,20.0,0.0,0.0
8478406,2025,Mackenzie Blackwood,COL,G,5on5,3,5682.0,3.74,4.0,76.0,3.01,4.0,10.34,3.0,42.37,34.0,2.15,0.0,22.02,27.0,16.49,19.0,3.52,46.0,6.0,5.0,1.44,0.67,1.63,2.0,2.0,0.0,19.0,0.0,0.0
8478406,2025,Mackenzie Blackwood,COL,G,4on5,3,639.0,0.73,1.0,17.0,1.08,1.0,2.78,4.0,11.86,10.0,0.01,0.0,6.79,3.0,4.24,7.0,0.71,12.0,4.0,0.0,0.37,0.36,0.0,1.0,0.0,0.0,1.0,0.0,0.0
8478406,2025,Mackenzie Blackwood,COL,G,5on4,3,182.0,0.0,0.0,0.0,0.0,0.0,0.0,0.0,0.0,0.0,0.21,0.0,0.0,0.0,0.0,0.0,0.0,0.0,0.0,0.0,0.0,0.0,0.0,0.0,0.0,0.0,0.0,0.0,0.0
8482661,2025,Jesper Wallstedt,MIN,G,other,10,1360.0,3.74,2.0,39.0,1.63,5.0,3.78,2.0,20.56,17.0,0.37,0.0,13.85,17.0,5.2,3.0,2.88,17.0,7.0,5.0,0.77,1.0,1.97,1.0,1.0,0.0,10.0,0.0,0.0
8482661,2025,Jesper Wallstedt,MIN,G,all,10,39055.0,34.4,30.0,702.0,25.37,45.0,90.03,84.0,367.19,329.0,10.47,1.0,204.87,185.0,139.69,163.0,32.29,388.0,83.0,36.0,10.88,10.24,13.29,15.0,5.0,10.0,195.0,0.0,0.0
8482661,2025,Jesper Wallstedt,MIN,G,5on5,10,31291.0,22.52,16.0,565.0,18.18,30.0,75.68,69.0,290.63,252.0,7.89,0.0,161.74,147.0,116.85,143.0,21.72,323.0,62.0,20.0,8.94,7.66,5.92,12.0,3.0,1.0,160.0,0.0,0.0
8482661,2025,Jesper Wallstedt,MIN,G,4on5,10,2634.0,7.99,12.0,90.0,5.46,10.0,10.14,13.0,52.33,56.0,0.23,0.0,28.04,21.0,14.64,12.0,7.53,43.0,14.0,11.0,1.02,1.58,5.4,2.0,1.0,9.0,22.0,0.0,0.0
8482661,2025,Jesper Wallstedt,MIN,G,5on4,10,3770.0,0.16,0.0,8.0,0.1,0.0,0.42,0.0,3.68,4.0,1.97,1.0,1.23,0.0,2.99,5.0,0.16,5.0,0.0,0.0,0.16,0.0,0.0,0.0,0.0,0.0,3.0,0.0,0.0
8475883,2025,Frederik Andersen,CAR,G,other,8,1889.0,1.62,2.0,40.0,1.33,1.0,3.84,4.0,17.16,20.0,0.67,1.0,11.34,11.0,6.07,7.0,1.57,16.0,8.0,1.0,0.38,0.94,0.29,0.0,2.0,0.0,15.0,0.0,0.0
8475883,2025,Frederik Andersen,CAR,G,all,8,32250.0,21.22,10.0,422.0,15.34,27.0,58.0,24.0,231.55,201.0,10.79,1.0,119.77,123.0,85.72,123.0,20.27,226.0,56.0,26.0,6.68,7.22,7.32,2.0,6.0,2.0,114.0,2.0,1.0
8475883,2025,Frederik Andersen,CAR,G,5on5,8,23554.0,15.75,6.0,323.0,11.21,23.0,46.3,15.0,178.22,148.0,8.0,0.0,90.63,94.0,66.12,98.0,14.96,179.0,36.0,21.0,5.22,4.8,5.74,2.0,3.0,1.0,87.0,2.0,1.0
8475883,2025,Frederik Andersen,CAR,G,4on5,8,3293.0,2.92,2.0,47.0,2.44,2.0,6.52,5.0,28.03,23.0,0.59,0.0,15.73,15.0,8.44,12.0,2.84,25.0,10.0,2.0,0.9,1.25,0.78,0.0,1.0,1.0,10.0,0.0,0.0
8475883,2025,Frederik Andersen,CAR,G,5on4,8,3514.0,0.93,0.0,12.0,0.35,1.0,1.33,0.0,8.15,10.0,1.53,0.0,2.07,3.0,5.09,6.0,0.9,6.0,2.0,2.0,0.17,0.24,0.51,0.0,0.0,0.0,2.0,0.0,0.0
8475809,2025,Scott Wedgewood,COL,G,other,8,997.0,1.62,4.0,18.0,0.9,0.0,1.89,2.0,9.85,11.0,0.26,0.0,5.52,7.0,2.71,0.0,1.57,6.0,6.0,1.0,0.35,0.83,0.43,1.0,2.0,1.0,5.0,0.0,0.0
8475809,2025,Scott Wedgewood,COL,G,all,8,26105.0,18.03,16.0,418.0,15.25,24.0,55.41,53.0,215.76,187.0,8.48,1.0,111.75,101.0,83.02,96.0,17.29,219.0,49.0,23.0,5.06,6.25,6.71,4.0,7.0,5.0,127.0,0.0,0.0
8475809,2025,Scott Wedgewood,COL,G,5on5,8,21191.0,12.15,9.0,328.0,10.24,17.0,42.67,42.0,162.37,135.0,6.88,1.0,83.8,72.0,65.56,79.0,11.79,169.0,36.0,15.0,3.92,4.46,3.77,3.0,4.0,2.0,108.0,0.0,0.0
8475809,2025,Scott Wedgewood,COL,G,4on5,8,2050.0,3.6,2.0,62.0,3.7,7.0,9.5,9.0,36.65,32.0,0.21,0.0,19.76,18.0,10.14,12.0,3.28,36.0,6.0,6.0,0.65,0.76,2.2,0.0,1.0,1.0,14.0,0.0,0.0
8475809,2025,Scott Wedgewood,COL,G,5on4,8,1867.0,0.66,1.0,10.0,0.41,0.0,1.34,0.0,6.89,9.0,1.13,0.0,2.67,4.0,4.61,5.0,0.66,8.0,1.0,1.0,0.14,0.2,0.32,0.0,0.0,1.0,0.0,0.0,0.0
8478024,2025,Ville Husso,ANA,G,other,2,333.0,0.27,0.0,5.0,0.2,0.0,0.55,0.0,2.93,1.0,0.02,0.0,1.4,0.0,1.47,4.0,0.27,3.0,1.0,0.0,0.1,0.17,0.0,0.0,0.0,0.0,1.0,0.0,0.0
8478024,2025,Ville Husso,ANA,G,all,2,5103.0,4.22,3.0,56.0,2.82,6.0,8.34,6.0,36.71,30.0,1.59,0.0,18.4,13.0,12.97,20.0,3.81,28.0,15.0,5.0,0.8,1.84,1.58,0.0,3.0,0.0,8.0,2.0,1.0
8478024,2025,Ville Husso,ANA,G,5on5,2,4113.0,2.95,2.0,41.0,1.98,6.0,6.67,5.0,27.34,23.0,1.49,0.0,12.97,8.0,9.53,14.0,2.55,20.0,11.0,4.0,0.57,1.3,1.08,0.0,2.0,0.0,6.0,0.0,0.0
8478024,2025,Ville Husso,ANA,G,4on5,2,583.0,1.01,1.0,10.0,0.65,0.0,1.12,1.0,6.44,6.0,0.02,0.0,4.03,5.0,1.98,2.0,0.99,5.0,3.0,1.0,0.14,0.37,0.5,0.0,1.0,0.0,1.0,2.0,1.0
8478024,2025,Ville Husso,ANA,G,5on4,2,74.0,0.0,0.0,0.0,0.0,0.0,0.0,0.0,0.0,0.0,0.06,0.0,0.0,0.0,0.0,0.0,0.0,0.0,0.0,0.0,0.0,0.0,0.0,0.0,0.0,0.0,0.0,0.0,0.0
8482487,2025,Jakub Dobes,MTL,G,other,12,2332.0,3.15,1.0,62.0,2.17,3.0,6.12,3.0,29.26,32.0,0.44,0.0,18.47,22.0,9.01,11.0,2.93,28.0,10.0,2.0,1.24,1.19,0.71,0.0,1.0,0.0,22.0,0.0,0.0
8482487,2025,Jakub Dobes,MTL,G,all,12,44213.0,36.08,28.0,740.0,26.3,39.0,95.48,71.0,386.11,327.0,11.26,2.0,213.38,231.0,142.42,156.0,34.55,391.0,104.0,32.0,12.32,12.27,11.48,13.0,9.0,6.0,213.0,4.0,2.0
8482487,2025,Jakub Dobes,MTL,G,5on5,12,33075.0,21.86,17.0,532.0,17.19,27.0,70.84,55.0,271.41,228.0,8.14,1.0,146.41,153.0,106.28,119.0,20.94,283.0,70.0,19.0,8.67,8.28,4.91,11.0,4.0,2.0,160.0,4.0,2.0
8482487,2025,Jakub Dobes,MTL,G,4on5,12,4181.0,10.68,10.0,139.0,6.78,9.0,17.96,13.0,81.61,65.0,0.34,0.0,47.35,56.0,24.5,21.0,10.31,78.0,21.0,11.0,2.36,2.45,5.87,2.0,4.0,4.0,29.0,0.0,0.0
8482487,2025,Jakub Dobes,MTL,G,5on4,12,4625.0,0.4,0.0,7.0,0.15,0.0,0.56,0.0,3.83,2.0,2.34,1.0,1.15,0.0,2.64,5.0,0.36,2.0,3.0,0.0,0.05,0.35,0.0,0.0,0.0,0.0,2.0,0.0,0.0
8481668,2025,Arturs Silovs,PIT,G,other,3,343.0,0.5,0.0,9.0,0.54,0.0,1.44,0.0,6.35,8.0,0.07,0.0,4.53,5.0,1.75,4.0,0.49,8.0,1.0,0.0,0.36,0.14,0.0,0.0,0.0,0.0,0.0,0.0,0.0
8481668,2025,Arturs Silovs,PIT,G,all,3,11836.0,8.48,5.0,171.0,5.96,10.0,22.14,19.0,90.29,82.0,3.97,0.0,47.52,41.0,35.85,48.0,8.12,95.0,15.0,13.0,2.78,1.95,3.75,4.0,1.0,0.0,48.0,0.0,0.0
8481668,2025,Arturs Silovs,PIT,G,5on5,3,9928.0,5.97,5.0,130.0,4.28,8.0,17.34,13.0,67.76,61.0,3.4,0.0,35.51,28.0,27.63,39.0,5.82,72.0,12.0,9.0,1.94,1.58,2.45,4.0,1.0,0.0,37.0,0.0,0.0
8481668,2025,Arturs Silovs,PIT,G,4on5,3,840.0,0.99,0.0,25.0,0.86,1.0,2.59,3.0,10.28,7.0,0.06,0.0,6.0,8.0,3.21,2.0,0.92,11.0,1.0,2.0,0.34,0.1,0.55,0.0,0.0,0.0,11.0,0.0,0.0
8481668,2025,Arturs Silovs,PIT,G,5on4,3,725.0,1.03,0.0,7.0,0.29,1.0,0.77,3.0,5.9,6.0,0.44,0.0,1.48,0.0,3.26,3.0,0.9,4.0,1.0,2.0,0.14,0.14,0.76,0.0,0.0,0.0,0.0,0.0,0.0
8479973,2025,Stuart Skinner,PIT,G,other,3,619.0,0.66,0.0,11.0,0.46,0.0,1.56,2.0,6.42,7.0,0.15,0.0,3.37,4.0,2.71,3.0,0.65,5.0,4.0,0.0,0.16,0.5,0.0,0.0,0.0,0.0,2.0,0.0,0.0
8479973,2025,Stuart Skinner,PIT,G,all,3,10512.0,6.17,9.0,133.0,5.07,5.0,19.52,21.0,76.72,71.0,3.16,0.0,40.77,32.0,29.81,36.0,5.97,81.0,15.0,8.0,2.13,2.01,2.02,6.0,2.0,1.0,29.0,0.0,0.0
8479973,2025,Stuart Skinner,PIT,G,5on5,3,7830.0,4.08,6.0,92.0,3.27,5.0,14.06,12.0,52.42,45.0,2.34,0.0,27.56,20.0,20.17,27.0,3.95,58.0,7.0,6.0,1.63,0.96,1.5,6.0,0.0,0.0,21.0,0.0,0.0
8479973,2025,Stuart Skinner,PIT,G,4on5,3,861.0,0.93,2.0,23.0,1.16,0.0,3.27,7.0,13.91,14.0,0.04,0.0,8.7,8.0,4.49,2.0,0.88,15.0,3.0,1.0,0.27,0.37,0.28,0.0,1.0,1.0,4.0,0.0,0.0
8479973,2025,Stuart Skinner,PIT,G,5on4,3,1202.0,0.49,1.0,7.0,0.18,0.0,0.63,0.0,3.98,5.0,0.62,0.0,1.14,0.0,2.44,4.0,0.49,3.0,1.0,1.0,0.07,0.19,0.23,0.0,1.0,0.0,2.0,0.0,0.0
8480843,2025,Lukas Dostal,ANA,G,other,12,866.0,0.91,1.0,13.0,0.28,0.0,0.79,2.0,3.87,4.0,0.15,0.0,2.1,1.0,0.79,1.0,0.87,1.0,3.0,1.0,0.04,0.36,0.52,0.0,0.0,1.0,8.0,0.0,0.0
8480843,2025,Lukas Dostal,ANA,G,all,12,37664.0,31.38,37.0,568.0,20.74,33.0,76.49,61.0,314.79,284.0,12.42,2.0,162.6,141.0,123.06,152.0,30.09,300.0,85.0,40.0,8.23,10.36,12.78,9.0,14.0,14.0,143.0,0.0,0.0
8480843,2025,Lukas Dostal,ANA,G,5on5,12,31289.0,21.51,26.0,471.0,15.65,22.0,65.06,50.0,256.42,231.0,10.19,1.0,133.18,118.0,103.81,132.0,20.82,261.0,61.0,26.0,6.84,7.54,7.13,7.0,12.0,7.0,123.0,0.0,0.0
8480843,2025,Lukas Dostal,ANA,G,4on5,12,2127.0,8.14,8.0,70.0,4.32,11.0,9.21,7.0,45.5,40.0,0.17,1.0,24.54,20.0,12.24,13.0,7.58,30.0,17.0,13.0,1.11,1.89,5.14,1.0,1.0,6.0,10.0,0.0,0.0
8480843,2025,Lukas Dostal,ANA,G,5on4,12,3382.0,0.82,2.0,14.0,0.49,0.0,1.42,2.0,9.0,9.0,1.92,0.0,2.79,2.0,6.22,6.0,0.82,8.0,4.0,0.0,0.24,0.58,0.0,1.0,1.0,0.0,2.0,0.0,0.0
