team,season,name,team,position,situation,games_played,xGoalsPercentage,corsiPercentage,fenwickPercentage,iceTime,xOnGoalFor,xGoalsFor,xReboundsFor,xFreezeFor,xPlayStoppedFor,xPlayContinuedInZoneFor,xPlayContinuedOutsideZoneFor,flurryAdjustedxGoalsFor,scoreVenueAdjustedxGoalsFor,flurryScoreVenueAdjustedxGoalsFor,shotsOnGoalFor,missedShotsFor,blockedShotAttemptsFor,shotAttemptsFor,goalsFor,reboundsFor,reboundGoalsFor,freezeFor,playStoppedFor,playContinuedInZoneFor,playContinuedOutsideZoneFor,savedShotsOnGoalFor,savedUnblockedShotAttemptsFor,penaltiesFor,penalityMinutesFor,faceOffsWonFor,hitsFor,takeawaysFor,giveawaysFor,lowDangerShotsFor,mediumDangerShotsFor,highDangerShotsFor,lowDangerxGoalsFor,mediumDangerxGoalsFor,highDangerxGoalsFor,lowDangerGoalsFor,mediumDangerGoalsFor,highDangerGoalsFor,scoreAdjustedShotsAttemptsFor,unblockedShotAttemptsFor,scoreAdjustedUnblockedShotAttemptsFor,dZoneGiveawaysFor,xGoalsFromxReboundsOfShotsFor,xGoalsFromActualReboundsOfShotsFor,reboundxGoalsFor,totalShotCreditFor,scoreAdjustedTotalShotCreditFor,scoreFlurryAdjustedTotalShotCreditFor,xOnGoalAgainst,xGoalsAgainst,xReboundsAgainst,xFreezeAgainst,xPlayStoppedAgainst,xPlayContinuedInZoneAgainst,xPlayContinuedOutsideZoneAgainst,flurryAdjustedxGoalsAgainst,scoreVenueAdjustedxGoalsAgainst,flurryScoreVenueAdjustedxGoalsAgainst,shotsOnGoalAgainst,missedShotsAgainst,blockedShotAttemptsAgainst,shotAttemptsAgainst,goalsAgainst,reboundsAgainst,reboundGoalsAgainst,freezeAgainst,playStoppedAgainst,playContinuedInZoneAgainst,playContinuedOutsideZoneAgainst,savedShotsOnGoalAgainst,savedUnblockedShotAttemptsAgainst,penaltiesAgainst,penalityMinutesAgainst,faceOffsWonAgainst,hitsAgainst,takeawaysAgainst,giveawaysAgainst,lowDangerShotsAgainst,mediumDangerShotsAgainst,highDangerShotsAgainst,lowDangerxGoalsAgainst,mediumDangerxGoalsAgainst,highDangerxGoalsAgainst,lowDangerGoalsAgainst,mediumDangerGoalsAgainst,highDangerGoalsAgainst,scoreAdjustedShotsAttemptsAgainst,unblockedShotAttemptsAgainst,scoreAdjustedUnblockedShotAttemptsAgainst,dZoneGiveawaysAgainst,xGoalsFromxReboundsOfShotsAgainst,xGoalsFromActualReboundsOfShotsAgainst,reboundxGoalsAgainst,totalShotCreditAgainst,scoreAdjustedTotalShotCreditAgainst,scoreFlurryAdjustedTotalShotCreditAgainst
PHI,2025,PHI,PHI,Team Level,other,10,0.51,0.55,0.56,2201.0,24.58,5.18,1.78,5.12,0.94,13.58,8.4,5.15,5.18,5.15,27.0,8.0,10.0,45.0,3.0,1.0,0.0,3.0,0.0,16.0,12.0,24.0,32.0,2.0,4.0,19.0,15.0,2.0,8.0,22.0,9.0,4.0,0.76,1.13,3.29,0.0,1.0,2.0,45.0,35.0,35.0,2.0,0.51,0.01,0.01,5.68,5.68,5.62,19.98,5.04,1.07,3.93,0.65,8.73,7.57,4.67,5.04,4.67,18.0,9.0,10.0,37.0,4.0,1.0,0.0,1.0,0.0,10.0,11.0,14.0,23.0,1.0,2.0,29.0,9.0,1.0,8.0,14.0,5.0,8.0,0.46,0.66,3.92,0.0,1.0,3.0,37.0,27.0,27.0,7.0,0.32,0.18,0.18,5.18,5.18,4.78
PHI,2025,PHI,PHI,Team Level,all,10,0.44,0.42,0.42,38517.0,267.85,26.59,17.57,64.67,9.02,139.13,104.01,25.79,26.51,25.7,246.0,115.0,121.0,482.0,21.0,23.0,0.0,48.0,1.0,127.0,141.0,225.0,340.0,64.0,128.0,307.0,420.0,47.0,162.0,268.0,59.0,34.0,7.58,7.58,11.44,10.0,6.0,5.0,478.51,361.0,359.69,66.0,3.97,5.22,5.28,25.28,25.28,24.82,358.89,33.98,24.07,90.46,12.41,192.21,139.87,32.25,34.32,32.59,295.0,198.0,186.0,679.0,24.0,41.0,2.0,53.0,0.0,196.0,179.0,271.0,469.0,57.0,112.0,298.0,331.0,44.0,156.0,384.0,70.0,39.0,10.82,9.18,13.98,8.0,7.0,9.0,686.44,493.0,498.3,69.0,5.42,5.91,5.91,33.49,33.82,32.81
PHI,2025,PHI,PHI,Team Level,5on5,10,0.44,0.4,0.41,28848.0,191.11,15.92,11.87,49.02,6.42,99.26,74.5,15.46,15.84,15.38,172.0,85.0,85.0,342.0,14.0,19.0,0.0,32.0,1.0,84.0,107.0,158.0,243.0,55.0,110.0,213.0,379.0,35.0,140.0,199.0,36.0,22.0,5.57,4.67,5.69,10.0,3.0,1.0,338.51,257.0,255.69,59.0,2.46,4.11,4.16,14.21,14.21,14.0,270.12,20.55,17.19,71.66,9.41,146.14,107.05,19.83,20.89,20.17,222.0,150.0,142.0,514.0,14.0,31.0,2.0,43.0,0.0,149.0,135.0,208.0,358.0,50.0,98.0,206.0,303.0,36.0,124.0,301.0,53.0,18.0,8.56,6.98,5.01,7.0,5.0,2.0,521.44,372.0,377.3,55.0,3.59,4.68,4.68,19.46,19.8,19.54
PHI,2025,PHI,PHI,Team Level,4on5,10,0.24,0.18,0.2,4110.0,16.33,2.13,0.77,2.47,0.47,4.27,9.89,1.98,2.13,1.98,19.0,1.0,4.0,24.0,1.0,2.0,0.0,3.0,0.0,3.0,11.0,18.0,19.0,3.0,6.0,39.0,9.0,7.0,5.0,12.0,4.0,4.0,0.33,0.56,1.24,0.0,1.0,0.0,24.0,20.0,20.0,5.0,0.18,0.77,0.77,1.55,1.55,1.53,57.21,6.72,5.1,12.95,1.97,33.88,18.38,6.52,6.72,6.52,44.0,35.0,32.0,111.0,5.0,7.0,0.0,9.0,0.0,36.0,22.0,39.0,74.0,3.0,6.0,34.0,7.0,1.0,17.0,60.0,10.0,9.0,1.55,1.32,3.85,1.0,0.0,4.0,111.0,79.0,79.0,0.0,1.34,0.56,0.56,7.5,7.5,7.3
PHI,2025,PHI,PHI,Team Level,5on4,10,0.67,0.81,0.77,3358.0,35.84,3.35,3.15,8.05,1.2,22.01,11.23,3.2,3.35,3.2,28.0,21.0,22.0,71.0,3.0,1.0,0.0,10.0,0.0,24.0,11.0,25.0,46.0,4.0,8.0,36.0,17.0,3.0,9.0,35.0,10.0,4.0,0.92,1.22,1.22,0.0,1.0,2.0,71.0,49.0,49.0,0.0,0.82,0.34,0.34,3.84,3.84,3.67,11.59,1.66,0.71,1.91,0.4,3.45,6.87,1.23,1.66,1.23,11.0,4.0,2.0,17.0,1.0,2.0,0.0,0.0,0.0,1.0,11.0,10.0,14.0,3.0,6.0,29.0,12.0,6.0,7.0,9.0,2.0,4.0,0.25,0.22,1.2,0.0,1.0,0.0,17.0,15.0,15.0,7.0,0.17,0.48,0.48,1.34,1.34,1.19
LAK,2025,LAK,LAK,Team Level,other,4,0.24,0.32,0.31,689.0,3.98,0.85,0.44,0.54,0.13,2.11,0.93,0.84,0.85,0.84,5.0,0.0,3.0,8.0,2.0,0.0,0.0,1.0,0.0,2.0,0.0,3.0,3.0,0.0,0.0,3.0,5.0,0.0,1.0,2.0,2.0,1.0,0.09,0.32,0.43,0.0,1.0,1.0,8.0,5.0,5.0,0.0,0.13,0.0,0.0,0.97,0.97,0.96,7.79,2.74,0.37,1.22,0.23,3.38,3.07,2.37,2.74,2.37,6.0,5.0,6.0,17.0,2.0,0.0,0.0,2.0,0.0,4.0,3.0,4.0,9.0,0.0,0.0,10.0,3.0,1.0,3.0,6.0,1.0,4.0,0.27,0.11,2.37,0.0,0.0,2.0,17.0,11.0,11.0,3.0,0.09,0.0,0.0,2.83,2.83,2.45
LAK,2025,LAK,LAK,Team Level,all,4,0.43,0.46,0.45,14864.0,116.74,11.0,8.0,30.75,4.12,60.11,44.02,10.44,10.81,10.25,101.0,57.0,85.0,243.0,5.0,15.0,0.0,26.0,1.0,57.0,54.0,96.0,153.0,15.0,30.0,126.0,154.0,16.0,52.0,117.0,25.0,16.0,2.7,3.32,4.98,1.0,2.0,2.0,237.48,158.0,154.52,27.0,1.86,2.43,2.47,10.39,10.19,9.82,142.29,14.31,9.07,35.8,4.71,74.91,57.2,13.57,14.47,13.72,123.0,73.0,87.0,283.0,13.0,12.0,3.0,24.0,1.0,86.0,60.0,110.0,183.0,20.0,38.0,128.0,109.0,19.0,61.0,151.0,30.0,15.0,4.54,3.64,6.13,5.0,2.0,6.0,292.45,196.0,201.7,34.0,1.97,2.9,2.9,13.38,13.54,12.97
LAK,2025,LAK,LAK,Team Level,5on5,4,0.44,0.45,0.43,11858.0,90.59,6.94,5.59,24.64,3.21,46.65,35.97,6.67,6.75,6.48,74.0,49.0,72.0,195.0,2.0,12.0,0.0,21.0,1.0,44.0,43.0,72.0,121.0,15.0,30.0,100.0,143.0,10.0,45.0,96.0,17.0,10.0,2.18,2.19,2.57,1.0,1.0,0.0,189.47,123.0,119.52,25.0,1.18,2.08,2.12,5.99,5.79,5.73,115.5,8.75,7.37,31.25,3.85,62.66,46.12,8.5,8.91,8.65,97.0,63.0,74.0,234.0,9.0,10.0,3.0,21.0,1.0,73.0,46.0,88.0,151.0,15.0,30.0,100.0,101.0,13.0,53.0,131.0,21.0,8.0,3.78,2.62,2.35,4.0,2.0,3.0,243.45,160.0,165.7,27.0,1.54,2.54,2.54,7.75,7.92,7.8
LAK,2025,LAK,LAK,Team Level,4on5,4,0.09,0.14,0.19,940.0,2.69,0.26,0.17,0.66,0.13,1.07,1.72,0.26,0.26,0.26,3.0,1.0,0.0,4.0,0.0,0.0,0.0,0.0,0.0,2.0,2.0,3.0,4.0,0.0,0.0,5.0,4.0,3.0,2.0,3.0,1.0,0.0,0.06,0.2,0.0,0.0,0.0,0.0,4.0,4.0,4.0,2.0,0.04,0.0,0.0,0.3,0.3,0.3,13.1,2.56,1.13,2.32,0.45,7.06,3.47,2.48,2.56,2.48,14.0,3.0,7.0,24.0,1.0,2.0,0.0,1.0,0.0,7.0,6.0,13.0,16.0,5.0,8.0,12.0,2.0,0.0,1.0,6.0,8.0,3.0,0.23,0.91,1.41,0.0,0.0,1.0,24.0,17.0,17.0,0.0,0.29,0.36,0.36,2.49,2.49,2.45
LAK,2025,LAK,LAK,Team Level,5on4,4,0.92,0.82,0.76,1377.0,19.48,2.96,1.8,4.91,0.66,10.28,5.39,2.67,2.96,2.67,19.0,7.0,10.0,36.0,1.0,3.0,0.0,4.0,0.0,9.0,9.0,18.0,25.0,0.0,0.0,18.0,2.0,3.0,4.0,16.0,5.0,5.0,0.37,0.61,1.98,0.0,0.0,1.0,36.0,26.0,26.0,0.0,0.51,0.35,0.35,3.13,3.13,2.83,5.9,0.26,0.2,1.0,0.18,1.82,4.54,0.22,0.26,0.22,6.0,2.0,0.0,8.0,1.0,0.0,0.0,0.0,0.0,2.0,5.0,5.0,7.0,0.0,0.0,6.0,3.0,5.0,4.0,8.0,0.0,0.0,0.26,0.0,0.0,1.0,0.0,0.0,8.0,8.0,8.0,4.0,0.04,0.0,0.0,0.31,0.31,0.27
BUF,2025,BUF,BUF,Team Level,other,11,0.53,0.59,0.56,2426.0,30.65,6.79,2.34,5.62,1.03,17.82,9.38,6.48,6.79,6.48,29.0,14.0,24.0,67.0,4.0,2.0,0.0,6.0,0.0,20.0,11.0,25.0,39.0,3.0,6.0,19.0,10.0,5.0,9.0,26.0,7.0,10.0,1.18,0.76,4.86,0.0,0.0,4.0,67.0,43.0,43.0,3.0,0.61,0.49,0.49,6.92,6.92,6.62,24.79,6.1,1.51,4.52,0.86,13.25,7.75,5.97,6.1,5.97,19.0,15.0,12.0,46.0,3.0,0.0,0.0,2.0,0.0,15.0,14.0,16.0,31.0,0.0,0.0,21.0,7.0,1.0,6.0,21.0,5.0,8.0,0.91,0.55,4.65,0.0,0.0,3.0,46.0,34.0,34.0,3.0,0.42,0.0,0.0,6.52,6.52,6.38
BUF,2025,BUF,BUF,Team Level,all,11,0.52,0.52,0.53,40154.0,379.94,38.34,27.59,91.59,12.67,205.06,140.74,36.49,38.52,36.69,321.0,195.0,186.0,702.0,33.0,41.0,1.0,86.0,2.0,206.0,148.0,288.0,483.0,60.0,123.0,279.0,335.0,47.0,158.0,370.0,110.0,36.0,11.43,13.24,13.67,15.0,9.0,9.0,704.09,516.0,518.06,58.0,6.27,6.34,6.34,38.27,38.44,37.26,334.12,35.84,22.31,79.82,11.48,176.4,126.15,34.6,36.14,34.88,300.0,152.0,184.0,636.0,33.0,30.0,5.0,54.0,4.0,177.0,154.0,267.0,419.0,60.0,131.0,362.0,352.0,49.0,168.0,313.0,100.0,39.0,9.31,12.43,14.1,6.0,14.0,13.0,633.35,452.0,451.49,72.0,5.09,5.51,5.51,35.41,35.62,34.82
BUF,2025,BUF,BUF,Team Level,5on5,11,0.5,0.52,0.53,29967.0,264.43,21.31,17.73,67.93,8.98,142.37,102.68,20.36,21.49,20.56,216.0,145.0,138.0,499.0,23.0,29.0,1.0,61.0,2.0,141.0,105.0,193.0,338.0,54.0,111.0,199.0,294.0,36.0,124.0,274.0,71.0,16.0,8.33,8.68,4.3,14.0,6.0,3.0,501.09,361.0,363.06,52.0,3.69,4.65,4.65,20.35,20.52,20.17,240.05,20.96,15.33,61.81,8.33,125.92,92.66,20.15,21.26,20.43,212.0,113.0,135.0,460.0,22.0,25.0,4.0,43.0,2.0,129.0,104.0,190.0,303.0,55.0,121.0,258.0,329.0,39.0,140.0,239.0,66.0,20.0,7.26,8.39,5.31,6.0,13.0,3.0,457.35,325.0,324.49,59.0,3.21,4.56,4.56,19.6,19.8,19.43
BUF,2025,BUF,BUF,Team Level,4on5,11,0.09,0.1,0.13,3598.0,9.34,0.79,0.44,1.29,0.26,2.85,6.37,0.76,0.79,0.76,7.0,5.0,0.0,12.0,0.0,0.0,0.0,0.0,0.0,3.0,9.0,7.0,12.0,0.0,0.0,28.0,25.0,3.0,5.0,7.0,5.0,0.0,0.17,0.62,0.0,0.0,0.0,0.0,12.0,12.0,12.0,3.0,0.1,0.0,0.0,0.89,0.89,0.85,57.54,7.93,4.99,11.7,1.96,33.67,17.74,7.64,7.93,7.64,54.0,24.0,34.0,112.0,7.0,4.0,0.0,9.0,2.0,31.0,25.0,47.0,71.0,4.0,8.0,30.0,4.0,1.0,11.0,42.0,25.0,11.0,0.84,2.95,4.15,0.0,0.0,7.0,112.0,78.0,78.0,0.0,1.34,0.82,0.82,8.45,8.45,8.18
BUF,2025,BUF,BUF,Team Level,5on4,11,0.92,0.87,0.87,4163.0,75.53,9.45,7.08,16.76,2.4,42.01,22.3,8.9,9.45,8.9,69.0,31.0,24.0,124.0,6.0,10.0,0.0,19.0,0.0,42.0,23.0,63.0,94.0,3.0,6.0,33.0,6.0,3.0,20.0,63.0,27.0,10.0,1.75,3.18,4.51,1.0,3.0,2.0,124.0,100.0,100.0,0.0,1.86,1.21,1.21,10.1,10.1,9.62,11.74,0.85,0.48,1.79,0.32,3.56,8.0,0.84,0.85,0.84,15.0,0.0,3.0,18.0,1.0,1.0,1.0,0.0,0.0,2.0,11.0,14.0,14.0,1.0,2.0,53.0,12.0,8.0,11.0,11.0,4.0,0.0,0.3,0.55,0.0,0.0,1.0,0.0,18.0,15.0,15.0,10.0,0.12,0.13,0.13,0.84,0.84,0.83
ANA,2025,ANA,ANA,Team Level,other,12,0.64,0.7,0.75,2031.0,27.08,6.0,2.0,5.17,0.96,16.72,7.14,5.69,6.0,5.69,21.0,17.0,16.0,54.0,4.0,3.0,0.0,1.0,0.0,21.0,9.0,17.0,34.0,1.0,2.0,21.0,10.0,1.0,5.0,21.0,8.0,9.0,0.96,0.93,4.12,0.0,0.0,4.0,54.0,38.0,38.0,3.0,0.58,0.65,0.65,5.93,5.93,5.63,9.51,3.37,0.61,1.45,0.3,4.37,2.91,3.21,3.37,3.21,7.0,6.0,10.0,23.0,3.0,0.0,0.0,2.0,0.0,3.0,5.0,4.0,10.0,1.0,2.0,14.0,6.0,1.0,10.0,4.0,4.0,5.0,0.14,0.53,2.7,0.0,0.0,3.0,23.0,13.0,13.0,6.0,0.19,0.0,0.0,3.55,3.55,3.38
ANA,2025,ANA,ANA,Team Level,all,12,0.52,0.56,0.55,43599.0,427.08,40.25,28.27,107.7,14.8,232.15,162.83,38.6,39.97,38.34,380.0,206.0,205.0,791.0,39.0,53.0,10.0,89.0,2.0,200.0,203.0,341.0,547.0,35.0,73.0,331.0,429.0,50.0,174.0,444.0,92.0,50.0,12.8,10.63,16.82,9.0,12.0,18.0,778.57,586.0,580.14,82.0,6.3,11.25,11.25,35.3,35.19,34.42,354.21,37.79,23.7,84.93,12.04,181.87,136.68,35.96,38.32,36.44,316.0,161.0,152.0,629.0,42.0,39.0,9.0,67.0,1.0,156.0,172.0,274.0,435.0,42.0,92.0,377.0,380.0,65.0,207.0,328.0,100.0,49.0,9.04,12.2,16.55,9.0,17.0,16.0,638.72,477.0,483.49,99.0,5.28,9.01,9.01,34.06,34.48,33.53
ANA,2025,ANA,ANA,Team Level,5on5,12,0.51,0.55,0.54,35402.0,333.53,25.82,21.01,88.51,11.68,177.22,132.76,24.98,25.54,24.72,294.0,163.0,162.0,619.0,22.0,40.0,6.0,74.0,1.0,148.0,172.0,272.0,435.0,32.0,67.0,254.0,415.0,44.0,155.0,361.0,67.0,29.0,9.95,7.84,8.03,7.0,8.0,7.0,606.57,457.0,451.14,77.0,4.37,7.94,7.94,22.25,22.14,21.9,283.77,24.45,17.62,71.73,9.71,146.15,113.34,23.37,24.99,23.85,254.0,129.0,129.0,512.0,28.0,28.0,7.0,55.0,0.0,126.0,146.0,226.0,355.0,37.0,80.0,299.0,367.0,52.0,184.0,281.0,72.0,30.0,7.41,8.84,8.21,7.0,14.0,7.0,521.72,383.0,389.49,87.0,3.67,6.05,6.05,22.07,22.5,22.08
ANA,2025,ANA,ANA,Team Level,4on5,12,0.04,0.11,0.1,2710.0,5.74,0.35,0.25,0.74,0.18,1.98,4.5,0.35,0.35,0.35,7.0,1.0,2.0,10.0,1.0,0.0,0.0,0.0,1.0,1.0,5.0,6.0,7.0,1.0,2.0,24.0,1.0,3.0,3.0,7.0,0.0,1.0,0.14,0.0,0.21,0.0,0.0,1.0,10.0,8.0,8.0,2.0,0.05,0.0,0.0,0.41,0.41,0.4,51.93,9.15,4.97,10.33,1.77,28.56,14.22,8.56,9.15,8.56,46.0,23.0,11.0,80.0,9.0,11.0,2.0,8.0,1.0,25.0,15.0,37.0,60.0,2.0,4.0,30.0,2.0,3.0,8.0,35.0,20.0,14.0,1.25,2.26,5.64,1.0,2.0,6.0,80.0,69.0,69.0,1.0,1.31,2.96,2.96,7.49,7.49,7.14
ANA,2025,ANA,ANA,Team Level,5on4,12,0.91,0.89,0.87,3456.0,60.72,8.08,5.01,13.27,1.98,36.24,18.43,7.58,8.08,7.58,58.0,25.0,25.0,108.0,12.0,10.0,4.0,14.0,0.0,30.0,17.0,46.0,71.0,1.0,2.0,32.0,3.0,2.0,11.0,55.0,17.0,11.0,1.75,1.86,4.47,2.0,4.0,6.0,108.0,83.0,83.0,0.0,1.29,2.66,2.66,6.71,6.71,6.48,9.0,0.82,0.49,1.42,0.26,2.79,6.22,0.82,0.82,0.82,9.0,3.0,2.0,14.0,2.0,0.0,0.0,2.0,0.0,2.0,6.0,7.0,10.0,2.0,6.0,34.0,5.0,9.0,5.0,8.0,4.0,0.0,0.24,0.58,0.0,1.0,1.0,0.0,14.0,12.0,12.0,5.0,0.11,0.0,0.0,0.94,0.94,0.93
DAL,2025,DAL,DAL,Team Level,other,6,0.32,0.58,0.56,1014.0,9.91,1.67,0.84,1.76,0.4,7.39,2.93,1.59,1.67,1.59,9.0,6.0,4.0,19.0,2.0,1.0,0.0,1.0,0.0,9.0,2.0,7.0,13.0,0.0,0.0,10.0,5.0,0.0,4.0,10.0,4.0,1.0,0.52,0.58,0.56,0.0,1.0,1.0,19.0,15.0,15.0,0.0,0.23,0.12,0.12,1.77,1.77,1.7,8.73,3.55,0.49,1.24,0.24,3.53,2.96,3.42,3.55,3.42,9.0,3.0,2.0,14.0,5.0,0.0,0.0,1.0,0.0,5.0,1.0,4.0,7.0,0.0,0.0,8.0,1.0,1.0,2.0,4.0,1.0,7.0,0.13,0.15,3.27,0.0,0.0,5.0,14.0,12.0,12.0,1.0,0.13,0.0,0.0,3.68,3.68,3.55
DAL,2025,DAL,DAL,Team Level,all,6,0.49,0.52,0.51,24701.0,201.73,18.25,13.92,48.59,6.92,112.88,77.44,17.5,18.27,17.51,186.0,92.0,118.0,396.0,15.0,21.0,1.0,52.0,0.0,98.0,92.0,171.0,263.0,29.0,58.0,189.0,176.0,26.0,79.0,217.0,46.0,15.0,6.09,5.8,6.35,5.0,3.0,7.0,394.76,278.0,279.26,37.0,3.19,4.58,4.58,16.87,16.9,16.47,192.4,18.74,12.57,46.45,6.58,103.33,76.32,17.96,18.81,18.02,182.0,82.0,99.0,363.0,23.0,18.0,4.0,29.0,1.0,109.0,84.0,159.0,241.0,30.0,60.0,196.0,219.0,27.0,83.0,206.0,33.0,25.0,5.2,3.89,9.65,8.0,3.0,12.0,365.16,264.0,265.35,39.0,2.81,3.72,3.72,17.83,17.87,17.5
DAL,2025,DAL,DAL,Team Level,5on5,6,0.51,0.53,0.53,19000.0,153.48,10.85,9.33,40.04,5.29,85.04,62.45,10.5,10.86,10.51,134.0,79.0,94.0,307.0,4.0,16.0,0.0,40.0,0.0,73.0,80.0,130.0,209.0,25.0,50.0,136.0,160.0,23.0,65.0,174.0,33.0,6.0,4.72,4.18,1.94,3.0,1.0,0.0,305.76,213.0,214.26,32.0,1.93,2.97,2.97,9.8,9.84,9.59,138.74,10.61,8.29,35.55,4.82,74.08,57.65,10.03,10.68,10.09,131.0,60.0,78.0,269.0,14.0,15.0,4.0,20.0,0.0,74.0,68.0,117.0,177.0,25.0,50.0,140.0,209.0,20.0,70.0,152.0,26.0,13.0,3.64,3.04,3.93,7.0,3.0,4.0,271.16,191.0,192.35,37.0,1.71,3.67,3.67,8.65,8.69,8.55
DAL,2025,DAL,DAL,Team Level,4on5,6,0.03,0.06,0.07,2698.0,2.94,0.14,0.07,0.34,0.08,0.99,2.36,0.14,0.14,0.14,3.0,1.0,1.0,5.0,0.0,0.0,0.0,0.0,0.0,0.0,4.0,3.0,4.0,1.0,2.0,14.0,11.0,2.0,4.0,4.0,0.0,0.0,0.14,0.0,0.0,0.0,0.0,0.0,5.0,4.0,4.0,4.0,0.02,0.0,0.0,0.16,0.16,0.16,41.2,4.3,3.61,9.09,1.43,24.56,13.01,4.22,4.3,4.22,38.0,18.0,18.0,74.0,4.0,3.0,0.0,8.0,1.0,28.0,12.0,34.0,52.0,3.0,6.0,32.0,4.0,4.0,10.0,45.0,6.0,5.0,1.16,0.7,2.44,1.0,0.0,3.0,74.0,56.0,56.0,0.0,0.92,0.05,0.05,5.18,5.18,5.08
DAL,2025,DAL,DAL,Team Level,5on4,6,0.95,0.92,0.9,1989.0,35.4,5.59,3.68,6.44,1.14,19.46,9.69,5.27,5.59,5.27,40.0,6.0,19.0,65.0,9.0,4.0,1.0,11.0,0.0,16.0,6.0,31.0,37.0,3.0,6.0,29.0,0.0,1.0,6.0,29.0,9.0,8.0,0.7,1.04,3.85,2.0,1.0,6.0,65.0,46.0,46.0,1.0,1.01,1.48,1.48,5.13,5.13,5.02,3.73,0.28,0.18,0.57,0.09,1.16,2.71,0.28,0.28,0.28,4.0,1.0,1.0,6.0,0.0,0.0,0.0,0.0,0.0,2.0,3.0,4.0,5.0,2.0,4.0,16.0,5.0,2.0,1.0,5.0,0.0,0.0,0.28,0.0,0.0,0.0,0.0,0.0,6.0,5.0,5.0,1.0,0.04,0.0,0.0,0.32,0.32,0.32
MTL,2025,MTL,MTL,Team Level,other,12,0.57,0.38,0.42,2841.0,21.18,4.18,1.31,4.05,0.69,11.26,7.51,4.04,4.18,4.04,15.0,14.0,11.0,40.0,2.0,0.0,0.0,2.0,1.0,13.0,11.0,13.0,27.0,0.0,0.0,24.0,5.0,2.0,4.0,15.0,10.0,4.0,0.62,1.18,2.38,0.0,0.0,2.0,40.0,29.0,29.0,2.0,0.36,0.0,0.0,4.54,4.54,4.38,29.26,3.15,2.17,6.12,1.08,18.47,9.01,2.93,3.15,2.93,32.0,8.0,24.0,64.0,1.0,3.0,0.0,3.0,0.0,22.0,11.0,31.0,39.0,2.0,4.0,25.0,7.0,5.0,5.0,28.0,10.0,2.0,1.24,1.19,0.71,0.0,1.0,0.0,64.0,40.0,40.0,1.0,0.62,0.57,0.57,3.19,3.19,2.99
MTL,2025,MTL,MTL,Team Level,all,12,0.52,0.47,0.47,44722.0,343.46,38.69,23.33,81.22,11.51,178.61,128.63,37.11,39.13,37.53,305.0,157.0,195.0,657.0,37.0,29.0,4.0,62.0,3.0,157.0,174.0,268.0,425.0,68.0,143.0,381.0,419.0,57.0,164.0,303.0,117.0,42.0,9.28,14.41,15.0,7.0,12.0,18.0,664.94,462.0,467.42,74.0,5.33,5.83,5.83,38.2,38.54,37.45,386.11,36.08,26.3,95.48,13.34,213.38,142.42,34.55,35.93,34.43,327.0,200.0,215.0,742.0,28.0,39.0,2.0,71.0,2.0,231.0,156.0,299.0,499.0,69.0,145.0,298.0,365.0,64.0,161.0,391.0,104.0,32.0,12.32,12.27,11.48,13.0,9.0,6.0,732.55,527.0,521.32,67.0,5.98,5.67,5.67,36.4,36.21,35.22
MTL,2025,MTL,MTL,Team Level,5on5,12,0.49,0.47,0.47,33075.0,242.05,20.99,15.26,61.36,8.14,126.47,94.79,20.34,21.43,20.76,213.0,114.0,142.0,469.0,24.0,22.0,4.0,45.0,1.0,111.0,124.0,189.0,303.0,65.0,135.0,264.0,398.0,48.0,136.0,234.0,76.0,17.0,7.12,9.32,4.56,7.0,12.0,5.0,476.94,327.0,332.42,63.0,3.19,4.26,4.26,19.92,20.25,19.93,271.41,21.86,17.19,70.84,9.42,146.41,106.28,20.94,21.71,20.82,228.0,144.0,160.0,532.0,17.0,27.0,2.0,55.0,1.0,153.0,119.0,211.0,355.0,58.0,123.0,203.0,333.0,48.0,133.0,283.0,70.0,19.0,8.67,8.28,4.91,11.0,4.0,2.0,522.55,372.0,366.32,60.0,3.55,4.56,4.56,20.84,20.66,20.31
MTL,2025,MTL,MTL,Team Level,4on5,12,0.1,0.09,0.11,4181.0,9.74,1.23,0.57,1.65,0.34,3.06,6.14,1.12,1.23,1.12,11.0,2.0,1.0,14.0,0.0,1.0,0.0,0.0,0.0,1.0,11.0,11.0,13.0,2.0,6.0,52.0,12.0,5.0,7.0,9.0,2.0,2.0,0.29,0.28,0.67,0.0,0.0,0.0,14.0,13.0,13.0,6.0,0.13,0.34,0.34,1.03,1.03,1.01,81.61,10.68,6.78,17.96,2.73,47.35,24.5,10.31,10.68,10.31,65.0,45.0,29.0,139.0,10.0,9.0,0.0,13.0,1.0,56.0,21.0,55.0,100.0,7.0,14.0,31.0,4.0,2.0,14.0,78.0,21.0,11.0,2.36,2.45,5.87,2.0,4.0,4.0,139.0,110.0,110.0,0.0,1.78,0.53,0.53,11.93,11.93,11.53
MTL,2025,MTL,MTL,Team Level,5on4,12,0.97,0.95,0.95,4625.0,70.49,12.29,6.2,14.16,2.34,37.82,20.19,11.62,12.29,11.62,66.0,27.0,41.0,134.0,11.0,6.0,0.0,15.0,1.0,32.0,28.0,55.0,82.0,1.0,2.0,41.0,4.0,2.0,17.0,45.0,29.0,19.0,1.26,3.63,7.4,0.0,0.0,11.0,134.0,93.0,93.0,3.0,1.66,1.23,1.23,12.71,12.71,12.12,3.83,0.4,0.15,0.56,0.1,1.15,2.64,0.36,0.4,0.36,2.0,3.0,2.0,7.0,0.0,0.0,0.0,0.0,0.0,0.0,5.0,2.0,5.0,2.0,4.0,39.0,21.0,9.0,9.0,2.0,3.0,0.0,0.05,0.35,0.0,0.0,0.0,0.0,7.0,5.0,5.0,6.0,0.04,0.0,0.0,0.43,0.43,0.4
OTT,2025,OTT,OTT,Team Level,other,4,0.15,0.48,0.4,1002.0,8.66,0.89,0.62,1.78,0.39,5.97,2.35,0.85,0.89,0.85,10.0,2.0,8.0,20.0,1.0,0.0,0.0,3.0,0.0,6.0,2.0,9.0,11.0,0.0,0.0,15.0,11.0,1.0,2.0,7.0,4.0,1.0,0.15,0.45,0.29,0.0,1.0,0.0,20.0,12.0,12.0,1.0,0.17,0.0,0.0,1.06,1.06,1.01,12.45,4.89,0.72,2.16,0.43,6.15,3.64,4.6,4.89,4.6,10.0,8.0,4.0,22.0,2.0,1.0,0.0,4.0,1.0,4.0,6.0,8.0,16.0,1.0,2.0,11.0,1.0,2.0,4.0,4.0,6.0,8.0,0.12,0.82,3.95,0.0,0.0,2.0,22.0,18.0,18.0,3.0,0.21,0.39,0.39,4.72,4.72,4.58
OTT,2025,OTT,OTT,Team Level,all,4,0.4,0.44,0.43,16433.0,134.03,12.57,8.87,35.05,4.68,69.24,47.59,11.86,12.49,11.79,110.0,68.0,71.0,249.0,5.0,19.0,0.0,16.0,1.0,71.0,66.0,105.0,173.0,21.0,43.0,151.0,173.0,21.0,79.0,134.0,27.0,17.0,4.01,3.61,4.95,2.0,3.0,0.0,245.74,178.0,175.41,39.0,1.98,4.27,4.27,10.28,10.28,10.13,170.32,19.22,11.03,41.63,5.89,89.29,65.94,17.99,19.34,18.12,135.0,98.0,81.0,314.0,11.0,25.0,1.0,32.0,2.0,84.0,79.0,124.0,222.0,24.0,51.0,107.0,163.0,21.0,78.0,169.0,38.0,26.0,5.04,4.7,9.47,4.0,4.0,3.0,319.05,233.0,236.95,32.0,2.44,5.28,5.28,16.38,16.52,16.09
OTT,2025,OTT,OTT,Team Level,5on5,4,0.47,0.46,0.45,12464.0,107.29,9.88,6.89,28.68,3.68,54.43,39.43,9.26,9.81,9.19,82.0,61.0,60.0,203.0,3.0,17.0,0.0,8.0,0.0,58.0,57.0,79.0,140.0,18.0,37.0,106.0,157.0,16.0,63.0,110.0,19.0,14.0,3.22,2.67,4.0,2.0,1.0,0.0,199.74,143.0,140.41,35.0,1.45,3.86,3.86,7.48,7.48,7.39,128.34,11.23,8.23,34.19,4.54,68.62,49.2,10.51,11.35,10.65,100.0,76.0,65.0,241.0,7.0,20.0,0.0,23.0,1.0,71.0,54.0,93.0,169.0,19.0,41.0,69.0,152.0,16.0,66.0,138.0,23.0,15.0,4.24,2.74,4.24,4.0,3.0,0.0,246.05,176.0,179.95,22.0,1.71,3.92,3.92,9.01,9.15,8.93
OTT,2025,OTT,OTT,Team Level,4on5,4,0.14,0.05,0.07,1331.0,1.7,0.31,0.07,0.25,0.04,0.42,0.9,0.31,0.31,0.31,2.0,0.0,0.0,2.0,0.0,0.0,0.0,0.0,0.0,0.0,2.0,2.0,2.0,2.0,4.0,11.0,3.0,4.0,3.0,1.0,0.0,1.0,0.05,0.0,0.26,0.0,0.0,0.0,2.0,2.0,2.0,3.0,0.01,0.0,0.0,0.33,0.33,0.33,18.63,1.88,1.58,3.93,0.62,11.27,5.73,1.71,1.88,1.71,16.0,9.0,12.0,37.0,2.0,3.0,1.0,4.0,0.0,8.0,8.0,14.0,23.0,1.0,2.0,14.0,1.0,0.0,1.0,18.0,6.0,1.0,0.36,0.75,0.76,0.0,1.0,1.0,37.0,25.0,25.0,0.0,0.41,0.79,0.79,1.49,1.49,1.44
OTT,2025,OTT,OTT,Team Level,5on4,4,0.55,0.63,0.6,1636.0,16.39,1.48,1.3,4.33,0.57,8.42,4.9,1.43,1.48,1.43,16.0,5.0,3.0,24.0,1.0,2.0,0.0,5.0,1.0,7.0,5.0,15.0,20.0,1.0,2.0,19.0,2.0,0.0,11.0,16.0,4.0,1.0,0.6,0.49,0.39,0.0,1.0,0.0,24.0,21.0,21.0,0.0,0.35,0.42,0.42,1.41,1.41,1.4,10.9,1.22,0.49,1.36,0.3,3.25,7.37,1.17,1.22,1.17,9.0,5.0,0.0,14.0,0.0,1.0,0.0,1.0,0.0,1.0,11.0,9.0,14.0,3.0,6.0,13.0,9.0,3.0,7.0,9.0,3.0,2.0,0.32,0.38,0.52,0.0,0.0,0.0,14.0,14.0,14.0,7.0,0.11,0.18,0.18,1.15,1.15,1.15
MIN,2025,MIN,MIN,Team Level,other,11,0.52,0.45,0.48,1810.0,22.58,7.23,1.46,4.04,0.74,10.94,6.6,6.51,7.23,6.51,19.0,12.0,5.0,36.0,9.0,3.0,1.0,3.0,0.0,12.0,4.0,10.0,22.0,0.0,0.0,14.0,4.0,1.0,4.0,12.0,6.0,13.0,0.54,0.82,5.87,1.0,1.0,7.0,36.0,31.0,31.0,2.0,0.41,0.89,0.89,6.75,6.75,6.12,23.78,6.69,1.73,3.85,0.88,14.81,6.04,5.29,6.69,5.29,22.0,12.0,10.0,44.0,7.0,5.0,0.0,2.0,0.0,17.0,3.0,15.0,27.0,1.0,2.0,19.0,8.0,0.0,7.0,17.0,7.0,10.0,0.77,1.0,4.92,1.0,1.0,5.0,44.0,34.0,34.0,1.0,0.51,1.79,1.79,5.41,5.41,4.66
MIN,2025,MIN,MIN,Team Level,all,11,0.45,0.46,0.47,42933.0,353.61,33.14,24.42,85.68,12.07,187.78,137.91,31.4,33.29,31.54,316.0,165.0,162.0,643.0,41.0,35.0,5.0,64.0,1.0,185.0,155.0,275.0,440.0,48.0,96.0,346.0,373.0,46.0,154.0,370.0,68.0,43.0,9.52,8.02,15.61,14.0,10.0,17.0,649.45,481.0,483.92,67.0,5.53,6.61,6.61,32.07,32.25,31.12,395.36,40.08,27.3,95.87,13.5,219.92,149.33,37.26,39.93,37.11,356.0,190.0,211.0,757.0,39.0,47.0,4.0,87.0,0.0,197.0,176.0,317.0,507.0,44.0,90.0,352.0,319.0,53.0,151.0,409.0,93.0,44.0,11.62,11.41,17.05,17.0,7.0,15.0,747.88,546.0,543.56,74.0,6.23,12.03,12.03,34.29,34.13,32.64
MIN,2025,MIN,MIN,Team Level,5on5,11,0.45,0.44,0.45,34015.0,252.88,19.56,15.95,63.92,8.59,133.26,103.72,18.68,19.71,18.82,226.0,119.0,133.0,478.0,25.0,24.0,4.0,44.0,0.0,129.0,123.0,201.0,320.0,42.0,84.0,258.0,358.0,37.0,137.0,271.0,51.0,23.0,6.82,5.99,6.75,11.0,8.0,6.0,484.45,345.0,347.92,64.0,3.31,5.49,5.49,17.39,17.56,17.25,304.88,23.45,19.03,79.42,10.48,169.94,122.68,22.64,23.29,22.49,265.0,160.0,173.0,598.0,18.0,30.0,0.0,72.0,0.0,154.0,151.0,247.0,407.0,38.0,78.0,267.0,297.0,46.0,129.0,340.0,64.0,21.0,9.42,7.88,6.14,14.0,3.0,1.0,588.88,425.0,422.56,66.0,3.94,6.46,6.46,20.93,20.77,20.27
MIN,2025,MIN,MIN,Team Level,4on5,11,0.07,0.1,0.12,3098.0,7.93,0.68,0.42,1.26,0.29,2.76,5.6,0.67,0.68,0.67,10.0,1.0,1.0,12.0,1.0,0.0,0.0,0.0,0.0,4.0,6.0,9.0,10.0,2.0,4.0,29.0,6.0,3.0,2.0,10.0,0.0,1.0,0.36,0.0,0.32,0.0,0.0,1.0,12.0,11.0,11.0,1.0,0.1,0.0,0.0,0.78,0.78,0.77,62.26,9.72,6.38,12.08,2.03,33.66,17.12,9.11,9.72,9.11,64.0,17.0,25.0,106.0,14.0,12.0,4.0,13.0,0.0,26.0,16.0,50.0,67.0,3.0,6.0,36.0,1.0,2.0,10.0,46.0,22.0,13.0,1.21,2.53,5.99,2.0,3.0,9.0,106.0,81.0,81.0,2.0,1.74,3.77,3.77,7.69,7.69,7.46
MIN,2025,MIN,MIN,Team Level,5on4,11,0.96,0.93,0.94,4010.0,70.22,5.68,6.58,16.45,2.46,40.83,22.0,5.54,5.68,5.54,61.0,33.0,23.0,117.0,6.0,8.0,0.0,17.0,1.0,40.0,22.0,55.0,88.0,4.0,8.0,45.0,5.0,5.0,11.0,77.0,11.0,6.0,1.8,1.21,2.66,2.0,1.0,3.0,117.0,94.0,94.0,0.0,1.71,0.22,0.22,7.16,7.16,6.97,4.44,0.22,0.15,0.52,0.12,1.51,3.48,0.22,0.22,0.22,5.0,1.0,3.0,9.0,0.0,0.0,0.0,0.0,0.0,0.0,6.0,5.0,6.0,2.0,4.0,30.0,13.0,5.0,5.0,6.0,0.0,0.0,0.22,0.0,0.0,0.0,0.0,0.0,9.0,6.0,6.0,5.0,0.04,0.0,0.0,0.26,0.26,0.26
BOS,2025,BOS,BOS,Team Level,other,6,0.34,0.39,0.39,945.0,11.72,2.81,0.69,2.23,0.44,6.4,3.43,2.8,2.81,2.8,8.0,8.0,7.0,23.0,1.0,0.0,0.0,1.0,0.0,7.0,7.0,7.0,15.0,0.0,0.0,8.0,6.0,0.0,4.0,12.0,0.0,4.0,0.55,0.0,2.26,0.0,0.0,1.0,23.0,16.0,16.0,2.0,0.19,0.0,0.0,3.0,3.0,2.98,17.82,5.47,1.46,3.02,0.57,9.4,5.07,5.2,5.47,5.2,16.0,9.0,11.0,36.0,4.0,2.0,0.0,4.0,0.0,11.0,4.0,12.0,21.0,1.0,2.0,10.0,5.0,1.0,6.0,13.0,3.0,9.0,0.52,0.37,4.58,0.0,0.0,4.0,36.0,25.0,25.0,2.0,0.37,0.49,0.49,5.36,5.36,5.1
BOS,2025,BOS,BOS,Team Level,all,6,0.43,0.45,0.44,22154.0,173.06,16.07,11.31,41.41,6.1,94.21,67.89,15.65,16.09,15.66,151.0,86.0,97.0,334.0,12.0,17.0,2.0,22.0,2.0,100.0,84.0,139.0,225.0,36.0,81.0,200.0,233.0,28.0,105.0,183.0,36.0,18.0,5.38,4.6,6.09,4.0,6.0,2.0,328.1,237.0,234.13,46.0,2.55,2.88,2.88,15.74,15.69,15.47,221.63,21.68,16.52,53.32,7.34,121.32,82.82,20.62,21.95,20.89,190.0,113.0,105.0,408.0,20.0,23.0,1.0,61.0,1.0,119.0,79.0,170.0,283.0,31.0,63.0,156.0,198.0,22.0,92.0,224.0,59.0,20.0,6.54,7.39,7.75,9.0,5.0,6.0,415.08,303.0,307.53,35.0,3.78,3.2,3.2,22.25,22.49,21.7
BOS,2025,BOS,BOS,Team Level,5on5,6,0.48,0.47,0.46,16841.0,128.55,10.53,8.0,32.98,4.53,68.28,50.69,10.22,10.55,10.23,110.0,65.0,75.0,250.0,9.0,14.0,1.0,17.0,1.0,75.0,59.0,101.0,166.0,31.0,71.0,142.0,217.0,21.0,85.0,139.0,25.0,11.0,4.2,3.45,2.88,4.0,5.0,0.0,244.1,175.0,172.13,36.0,1.66,2.46,2.46,9.73,9.68,9.56,150.57,11.35,10.07,38.98,5.08,82.54,58.99,10.95,11.62,11.22,125.0,82.0,77.0,284.0,15.0,14.0,1.0,43.0,1.0,78.0,56.0,110.0,192.0,29.0,59.0,116.0,176.0,18.0,74.0,163.0,37.0,7.0,4.85,4.67,1.83,9.0,4.0,2.0,291.08,207.0,211.53,33.0,2.1,1.94,1.94,11.51,11.75,11.56
BOS,2025,BOS,BOS,Team Level,4on5,6,0.12,0.14,0.14,2756.0,7.59,0.62,0.35,1.13,0.21,2.49,5.2,0.61,0.62,0.61,10.0,0.0,3.0,13.0,1.0,1.0,1.0,0.0,0.0,2.0,6.0,9.0,9.0,1.0,2.0,36.0,7.0,6.0,9.0,7.0,3.0,0.0,0.24,0.38,0.0,0.0,1.0,0.0,13.0,10.0,10.0,8.0,0.08,0.13,0.13,0.57,0.57,0.57,47.73,4.46,4.7,10.6,1.54,27.68,15.03,4.08,4.46,4.08,44.0,20.0,17.0,81.0,1.0,7.0,0.0,14.0,0.0,27.0,15.0,43.0,63.0,1.0,2.0,19.0,5.0,2.0,11.0,43.0,17.0,4.0,1.04,2.08,1.34,0.0,1.0,0.0,81.0,64.0,64.0,0.0,1.24,0.78,0.78,4.93,4.93,4.59
BOS,2025,BOS,BOS,Team Level,5on4,6,0.84,0.87,0.84,1612.0,25.2,2.11,2.28,5.08,0.92,17.04,8.57,2.02,2.11,2.02,23.0,13.0,12.0,48.0,1.0,2.0,0.0,4.0,1.0,16.0,12.0,22.0,35.0,4.0,8.0,14.0,3.0,1.0,7.0,25.0,8.0,3.0,0.39,0.78,0.95,0.0,0.0,1.0,48.0,36.0,36.0,0.0,0.62,0.3,0.3,2.43,2.43,2.36,5.51,0.4,0.28,0.73,0.15,1.71,3.73,0.39,0.4,0.39,5.0,2.0,0.0,7.0,0.0,0.0,0.0,0.0,0.0,3.0,4.0,5.0,7.0,0.0,0.0,11.0,12.0,1.0,1.0,5.0,2.0,0.0,0.13,0.27,0.0,0.0,0.0,0.0,7.0,7.0,7.0,0.0,0.06,0.0,0.0,0.46,0.46,0.46
PIT,2025,PIT,PIT,Team Level,other,6,0.42,0.52,0.45,1266.0,12.99,3.17,0.71,2.33,0.4,6.21,5.18,2.93,3.17,2.93,13.0,5.0,9.0,27.0,3.0,0.0,0.0,0.0,0.0,5.0,10.0,10.0,15.0,1.0,2.0,18.0,5.0,1.0,5.0,10.0,3.0,5.0,0.32,0.39,2.47,0.0,1.0,2.0,27.0,18.0,18.0,4.0,0.2,0.0,0.0,3.37,3.37,3.1,16.08,4.45,1.06,3.06,0.54,8.2,4.68,4.43,4.45,4.43,17.0,5.0,3.0,25.0,2.0,0.0,0.0,2.0,0.0,11.0,7.0,15.0,20.0,1.0,2.0,10.0,8.0,1.0,2.0,13.0,5.0,4.0,0.52,0.64,3.29,0.0,0.0,2.0,25.0,22.0,22.0,1.0,0.3,0.0,0.0,4.75,4.75,4.72
PIT,2025,PIT,PIT,Team Level,all,6,0.51,0.56,0.55,22652.0,205.79,18.57,13.83,52.42,7.31,113.77,81.09,17.84,18.76,18.03,159.0,128.0,107.0,394.0,11.0,26.0,1.0,32.0,0.0,108.0,110.0,148.0,276.0,31.0,60.0,165.0,199.0,25.0,94.0,232.0,33.0,22.0,6.37,4.29,7.91,3.0,2.0,6.0,396.62,287.0,289.94,43.0,3.09,3.12,3.12,18.55,18.73,18.19,170.32,17.94,11.1,41.72,5.75,88.6,65.89,17.38,17.81,17.25,155.0,76.0,78.0,309.0,16.0,15.0,0.0,40.0,1.0,75.0,84.0,139.0,215.0,34.0,68.0,183.0,248.0,28.0,93.0,176.0,30.0,25.0,4.91,3.97,9.06,10.0,3.0,3.0,306.96,231.0,229.51,41.0,2.49,3.76,3.82,16.61,16.59,16.31
PIT,2025,PIT,PIT,Team Level,5on5,6,0.53,0.58,0.58,17758.0,160.18,11.4,10.36,43.07,5.74,88.85,64.58,11.06,11.59,11.25,123.0,101.0,87.0,311.0,5.0,20.0,1.0,28.0,0.0,86.0,85.0,118.0,219.0,28.0,54.0,112.0,184.0,21.0,82.0,189.0,25.0,10.0,5.33,3.34,2.73,3.0,1.0,1.0,313.62,224.0,226.94,37.0,2.16,2.75,2.75,10.81,11.0,10.88,120.18,10.05,7.55,31.4,4.12,63.06,47.81,9.76,9.92,9.64,106.0,58.0,58.0,222.0,11.0,13.0,0.0,25.0,1.0,48.0,66.0,95.0,153.0,33.0,66.0,136.0,231.0,24.0,81.0,130.0,19.0,15.0,3.57,2.54,3.95,10.0,1.0,0.0,219.96,164.0,162.51,37.0,1.56,2.91,2.97,8.65,8.63,8.52
PIT,2025,PIT,PIT,Team Level,4on5,6,0.07,0.08,0.11,1701.0,3.16,0.15,0.14,0.54,0.1,1.0,2.06,0.15,0.15,0.15,2.0,2.0,0.0,4.0,0.0,0.0,0.0,0.0,0.0,0.0,4.0,2.0,4.0,1.0,2.0,16.0,8.0,3.0,2.0,3.0,1.0,0.0,0.07,0.09,0.0,0.0,0.0,0.0,4.0,4.0,4.0,2.0,0.03,0.0,0.0,0.18,0.18,0.18,24.19,1.92,2.01,5.86,0.81,14.71,7.7,1.79,1.92,1.79,21.0,12.0,15.0,48.0,2.0,1.0,0.0,10.0,0.0,16.0,4.0,19.0,31.0,0.0,0.0,19.0,7.0,1.0,7.0,26.0,4.0,3.0,0.62,0.46,0.83,0.0,1.0,1.0,48.0,33.0,33.0,0.0,0.52,0.34,0.34,2.1,2.1,1.96
PIT,2025,PIT,PIT,Team Level,5on4,6,0.72,0.79,0.77,1927.0,29.47,3.85,2.62,6.48,1.06,17.71,9.27,3.7,3.85,3.7,21.0,20.0,11.0,52.0,3.0,6.0,0.0,4.0,0.0,17.0,11.0,18.0,38.0,1.0,2.0,19.0,2.0,0.0,5.0,30.0,4.0,7.0,0.65,0.49,2.71,0.0,0.0,3.0,52.0,41.0,41.0,0.0,0.69,0.37,0.37,4.17,4.17,4.03,9.87,1.52,0.48,1.4,0.29,2.62,5.7,1.4,1.52,1.4,11.0,1.0,2.0,14.0,1.0,1.0,0.0,3.0,0.0,0.0,7.0,10.0,11.0,0.0,0.0,18.0,2.0,2.0,3.0,7.0,2.0,3.0,0.21,0.32,0.99,0.0,1.0,0.0,14.0,12.0,12.0,3.0,0.11,0.52,0.52,1.12,1.12,1.12
UTA,2025,UTA,UTA,Team Level,other,6,0.48,0.63,0.58,1230.0,10.2,1.67,0.69,1.99,0.35,5.77,3.55,1.64,1.67,1.64,9.0,5.0,16.0,30.0,0.0,0.0,0.0,0.0,0.0,6.0,8.0,9.0,14.0,1.0,2.0,12.0,4.0,0.0,4.0,11.0,2.0,1.0,0.59,0.24,0.83,0.0,0.0,0.0,30.0,14.0,14.0,2.0,0.21,0.0,0.0,1.87,1.87,1.84,7.29,1.81,0.51,1.46,0.24,3.98,2.0,1.72,1.81,1.72,7.0,3.0,8.0,18.0,3.0,2.0,1.0,1.0,0.0,3.0,1.0,4.0,7.0,1.0,2.0,4.0,5.0,2.0,6.0,4.0,3.0,3.0,0.11,0.33,1.37,0.0,0.0,3.0,18.0,10.0,10.0,3.0,0.13,0.45,0.45,1.49,1.49,1.44
UTA,2025,UTA,UTA,Team Level,all,6,0.45,0.48,0.48,24276.0,198.13,16.45,13.23,49.76,6.95,110.17,77.43,15.74,16.6,15.87,167.0,107.0,105.0,379.0,18.0,22.0,3.0,35.0,1.0,102.0,96.0,149.0,256.0,26.0,52.0,195.0,250.0,31.0,123.0,218.0,42.0,14.0,6.42,5.1,4.93,11.0,5.0,2.0,379.91,274.0,274.45,61.0,2.98,4.1,4.1,15.33,15.35,15.12,216.34,20.16,15.06,53.8,7.63,116.53,83.82,19.0,20.35,19.19,184.0,113.0,117.0,414.0,23.0,25.0,6.0,54.0,0.0,105.0,90.0,161.0,274.0,24.0,50.0,217.0,241.0,27.0,104.0,225.0,51.0,21.0,6.27,5.86,8.03,8.0,4.0,11.0,413.96,297.0,299.19,52.0,3.31,4.15,4.15,19.32,19.44,18.65
UTA,2025,UTA,UTA,Team Level,5on5,6,0.47,0.47,0.47,19090.0,157.21,11.89,9.62,40.96,5.55,85.93,64.05,11.46,12.04,11.59,129.0,89.0,76.0,294.0,17.0,18.0,3.0,25.0,1.0,81.0,76.0,112.0,201.0,23.0,46.0,156.0,241.0,28.0,105.0,172.0,36.0,10.0,4.87,4.31,2.72,10.0,5.0,2.0,294.91,218.0,218.45,54.0,1.99,3.45,3.45,10.44,10.46,10.31,175.04,13.15,11.54,45.01,6.08,95.13,70.09,12.72,13.34,12.9,144.0,97.0,92.0,333.0,14.0,17.0,4.0,49.0,0.0,88.0,73.0,130.0,227.0,22.0,46.0,179.0,229.0,20.0,88.0,189.0,42.0,10.0,5.32,4.91,2.92,6.0,3.0,5.0,332.96,241.0,243.19,43.0,2.4,2.77,2.77,12.79,12.9,12.7
UTA,2025,UTA,UTA,Team Level,4on5,6,0.0,0.0,0.0,2072.0,0.0,0.0,0.0,0.0,0.0,0.0,0.0,0.0,0.0,0.0,0.0,0.0,0.0,0.0,0.0,0.0,0.0,0.0,0.0,0.0,0.0,0.0,0.0,1.0,2.0,11.0,3.0,1.0,2.0,0.0,0.0,0.0,0.0,0.0,0.0,0.0,0.0,0.0,0.0,0.0,0.0,2.0,0.0,0.0,0.0,0.0,0.0,0.0,28.48,4.19,2.63,6.4,1.1,15.34,8.33,3.59,4.19,3.59,25.0,13.0,15.0,53.0,4.0,6.0,1.0,3.0,0.0,12.0,13.0,21.0,34.0,1.0,2.0,15.0,2.0,4.0,5.0,26.0,6.0,6.0,0.67,0.63,2.89,1.0,1.0,2.0,53.0,38.0,38.0,1.0,0.69,0.93,0.93,3.95,3.95,3.45
UTA,2025,UTA,UTA,Team Level,5on4,6,0.74,0.85,0.84,1884.0,30.72,2.89,2.92,6.82,1.05,18.48,9.84,2.64,2.89,2.64,29.0,13.0,13.0,55.0,1.0,4.0,0.0,10.0,0.0,15.0,12.0,28.0,41.0,1.0,2.0,16.0,2.0,2.0,12.0,35.0,4.0,3.0,0.97,0.54,1.38,1.0,0.0,0.0,55.0,42.0,42.0,3.0,0.78,0.65,0.65,3.02,3.02,2.97,5.53,1.01,0.38,0.93,0.21,2.08,3.4,0.98,1.01,0.98,8.0,0.0,2.0,10.0,2.0,0.0,0.0,1.0,0.0,2.0,3.0,6.0,6.0,0.0,0.0,19.0,5.0,1.0,5.0,6.0,0.0,2.0,0.17,0.0,0.84,1.0,0.0,1.0,10.0,8.0,8.0,5.0,0.08,0.0,0.0,1.1,1.1,1.06
COL,2025,COL,COL,Team Level,other,9,0.63,0.58,0.56,1485.0,21.67,7.76,1.26,3.3,0.71,10.79,6.18,6.07,7.76,6.07,19.0,11.0,12.0,42.0,7.0,4.0,0.0,3.0,0.0,12.0,4.0,12.0,23.0,1.0,2.0,19.0,6.0,1.0,6.0,13.0,4.0,13.0,0.51,0.53,6.73,1.0,0.0,6.0,42.0,30.0,30.0,4.0,0.37,1.67,1.67,6.46,6.46,5.41,17.83,4.53,1.41,3.35,0.62,9.52,4.57,3.92,4.53,3.92,15.0,9.0,6.0,30.0,6.0,3.0,1.0,3.0,0.0,9.0,3.0,9.0,18.0,0.0,0.0,9.0,8.0,0.0,3.0,10.0,7.0,7.0,0.51,0.99,3.03,1.0,2.0,3.0,30.0,24.0,24.0,1.0,0.41,0.89,0.89,4.05,4.05,3.53
COL,2025,COL,COL,Team Level,all,9,0.59,0.55,0.55,33096.0,335.92,36.14,22.44,83.08,11.3,181.96,129.09,33.34,36.13,33.32,293.0,171.0,180.0,644.0,37.0,38.0,6.0,59.0,1.0,185.0,144.0,256.0,427.0,35.0,70.0,291.0,252.0,46.0,133.0,343.0,77.0,44.0,10.07,9.25,16.82,17.0,6.0,14.0,645.57,464.0,466.0,71.0,5.01,10.36,10.36,30.8,30.77,29.13,277.96,25.41,19.84,69.98,9.61,144.56,105.6,23.88,25.29,23.78,235.0,140.0,148.0,523.0,23.0,32.0,1.0,61.0,1.0,133.0,125.0,212.0,352.0,33.0,66.0,276.0,308.0,35.0,123.0,281.0,60.0,34.0,7.02,7.45,10.94,7.0,9.0,7.0,521.76,375.0,373.08,55.0,4.58,5.31,5.35,24.63,24.57,23.44
COL,2025,COL,COL,Team Level,5on5,9,0.57,0.57,0.57,26873.0,266.91,21.35,17.07,70.64,9.03,147.56,106.35,20.65,21.34,20.63,228.0,144.0,153.0,525.0,23.0,24.0,3.0,53.0,1.0,154.0,117.0,205.0,349.0,28.0,58.0,231.0,238.0,36.0,117.0,297.0,52.0,23.0,8.48,6.32,6.55,15.0,4.0,4.0,526.57,372.0,374.0,61.0,3.56,6.04,6.04,18.88,18.85,18.48,204.73,15.89,13.25,53.01,6.98,105.83,82.05,15.31,15.78,15.21,169.0,108.0,127.0,404.0,13.0,21.0,0.0,45.0,1.0,99.0,98.0,156.0,264.0,32.0,64.0,218.0,292.0,27.0,112.0,215.0,42.0,20.0,5.36,5.14,5.4,5.0,6.0,2.0,402.76,277.0,275.08,52.0,2.78,3.89,3.94,14.73,14.66,14.43
COL,2025,COL,COL,Team Level,4on5,9,0.07,0.13,0.14,2689.0,7.4,0.34,0.27,1.18,0.22,2.34,5.65,0.3,0.34,0.3,8.0,2.0,2.0,12.0,1.0,0.0,0.0,0.0,0.0,2.0,7.0,7.0,9.0,1.0,2.0,22.0,5.0,8.0,5.0,10.0,0.0,0.0,0.34,0.0,0.0,1.0,0.0,0.0,12.0,10.0,10.0,5.0,0.06,0.0,0.0,0.4,0.4,0.36,48.51,4.33,4.78,12.27,1.69,26.55,14.38,3.99,4.33,3.99,42.0,22.0,15.0,79.0,3.0,8.0,0.0,13.0,0.0,21.0,19.0,39.0,61.0,1.0,2.0,31.0,3.0,4.0,5.0,48.0,10.0,6.0,1.01,1.12,2.2,1.0,1.0,1.0,79.0,64.0,64.0,0.0,1.29,0.52,0.52,5.1,5.1,4.72
COL,2025,COL,COL,Team Level,5on4,9,0.91,0.87,0.84,2049.0,39.96,6.69,3.84,7.96,1.34,21.27,10.9,6.32,6.69,6.32,38.0,14.0,13.0,65.0,6.0,10.0,3.0,3.0,0.0,17.0,16.0,32.0,46.0,5.0,8.0,19.0,3.0,1.0,5.0,23.0,21.0,8.0,0.74,2.4,3.55,0.0,2.0,4.0,65.0,52.0,52.0,1.0,1.02,2.65,2.65,5.06,5.06,4.88,6.89,0.66,0.41,1.34,0.32,2.67,4.61,0.66,0.66,0.66,9.0,1.0,0.0,10.0,1.0,0.0,0.0,0.0,0.0,4.0,5.0,8.0,9.0,0.0,0.0,18.0,5.0,4.0,3.0,8.0,1.0,1.0,0.14,0.2,0.32,0.0,0.0,1.0,10.0,10.0,10.0,2.0,0.1,0.0,0.0,0.75,0.75,0.75
EDM,2025,EDM,EDM,Team Level,other,6,0.15,0.43,0.39,975.0,5.11,0.65,0.35,0.99,0.17,3.01,1.81,0.61,0.65,0.61,3.0,4.0,5.0,12.0,0.0,0.0,0.0,2.0,0.0,1.0,4.0,3.0,7.0,1.0,2.0,7.0,4.0,0.0,6.0,3.0,4.0,0.0,0.13,0.53,0.0,0.0,0.0,0.0,12.0,7.0,7.0,3.0,0.11,0.0,0.0,0.76,0.76,0.71,7.72,3.68,0.52,1.0,0.25,3.33,2.21,3.6,3.68,3.6,5.0,6.0,5.0,16.0,3.0,1.0,0.0,0.0,0.0,2.0,5.0,2.0,8.0,0.0,0.0,8.0,5.0,0.0,3.0,3.0,1.0,7.0,0.17,0.17,3.34,0.0,0.0,3.0,16.0,11.0,11.0,2.0,0.17,0.37,0.37,3.48,3.48,3.45
EDM,2025,EDM,EDM,Team Level,all,6,0.44,0.46,0.45,21749.0,179.69,17.18,11.74,43.5,5.97,93.45,71.16,16.41,17.27,16.49,170.0,73.0,84.0,327.0,21.0,17.0,5.0,44.0,0.0,73.0,88.0,149.0,222.0,19.0,41.0,196.0,212.0,31.0,101.0,175.0,49.0,19.0,4.84,6.07,6.27,6.0,8.0,7.0,326.2,243.0,242.55,43.0,2.59,3.74,3.74,16.04,16.11,15.75,211.71,22.0,13.8,52.56,7.47,113.59,82.57,21.27,21.95,21.21,194.0,98.0,93.0,385.0,26.0,27.0,6.0,53.0,2.0,81.0,103.0,168.0,266.0,17.0,37.0,183.0,210.0,24.0,91.0,217.0,47.0,28.0,6.25,5.47,10.28,5.0,8.0,13.0,382.08,292.0,291.78,44.0,3.05,5.78,5.78,19.28,19.27,18.97
EDM,2025,EDM,EDM,Team Level,5on5,6,0.48,0.47,0.46,18165.0,147.28,11.85,8.85,37.15,4.89,76.71,60.54,11.46,11.94,11.54,142.0,58.0,78.0,278.0,17.0,12.0,5.0,38.0,0.0,62.0,71.0,125.0,183.0,16.0,35.0,161.0,207.0,29.0,90.0,155.0,32.0,13.0,4.05,3.97,3.83,6.0,7.0,4.0,277.2,200.0,199.55,38.0,1.83,2.87,2.87,10.82,10.89,10.75,170.82,12.63,10.7,44.98,6.12,92.55,70.02,12.28,12.57,12.22,154.0,83.0,81.0,318.0,14.0,20.0,4.0,45.0,1.0,69.0,88.0,140.0,223.0,16.0,35.0,150.0,203.0,23.0,79.0,189.0,36.0,12.0,5.27,4.16,3.19,5.0,5.0,4.0,315.08,237.0,236.78,41.0,2.22,3.41,3.41,11.44,11.43,11.29
EDM,2025,EDM,EDM,Team Level,4on5,6,0.07,0.09,0.11,1309.0,3.98,0.42,0.28,0.73,0.11,1.13,2.32,0.42,0.42,0.42,5.0,0.0,0.0,5.0,0.0,0.0,0.0,0.0,0.0,1.0,4.0,5.0,5.0,0.0,0.0,11.0,0.0,2.0,1.0,3.0,2.0,0.0,0.11,0.32,0.0,0.0,0.0,0.0,5.0,5.0,5.0,1.0,0.07,0.0,0.0,0.49,0.49,0.49,30.93,5.45,2.46,6.29,1.02,16.97,8.81,5.14,5.45,5.14,32.0,9.0,7.0,48.0,8.0,6.0,2.0,8.0,0.0,10.0,9.0,24.0,33.0,1.0,2.0,15.0,1.0,0.0,7.0,23.0,10.0,8.0,0.77,1.14,3.54,0.0,3.0,5.0,48.0,41.0,41.0,0.0,0.63,2.0,2.0,4.09,4.09,3.95
EDM,2025,EDM,EDM,Team Level,5on4,6,0.95,0.91,0.91,1300.0,23.32,4.25,2.26,4.63,0.79,12.59,6.49,3.91,4.25,3.91,20.0,11.0,1.0,32.0,4.0,5.0,0.0,4.0,0.0,9.0,9.0,16.0,27.0,2.0,4.0,17.0,1.0,0.0,4.0,14.0,11.0,6.0,0.56,1.25,2.44,0.0,1.0,3.0,32.0,31.0,31.0,1.0,0.58,0.87,0.87,3.97,3.97,3.8,2.23,0.25,0.12,0.29,0.08,0.74,1.53,0.25,0.25,0.25,3.0,0.0,0.0,3.0,1.0,0.0,0.0,0.0,1.0,0.0,1.0,2.0,2.0,0.0,0.0,10.0,1.0,1.0,2.0,2.0,0.0,1.0,0.03,0.0,0.21,0.0,0.0,1.0,3.0,3.0,3.0,1.0,0.02,0.0,0.0,0.27,0.27,0.27
CAR,2025,CAR,CAR,Team Level,other,8,0.81,0.44,0.52,1937.0,19.43,6.77,1.08,3.76,0.67,8.68,6.04,6.35,6.77,6.35,15.0,12.0,5.0,32.0,3.0,2.0,0.0,5.0,1.0,9.0,7.0,12.0,24.0,1.0,2.0,22.0,5.0,2.0,7.0,8.0,8.0,11.0,0.26,1.1,5.41,0.0,0.0,3.0,32.0,27.0,27.0,6.0,0.33,0.57,0.57,6.53,6.53,6.25,17.16,1.62,1.33,3.84,0.79,11.34,6.07,1.57,1.62,1.57,20.0,5.0,15.0,40.0,2.0,1.0,0.0,4.0,0.0,11.0,7.0,18.0,23.0,1.0,2.0,24.0,18.0,2.0,8.0,16.0,8.0,1.0,0.38,0.94,0.29,0.0,2.0,0.0,40.0,25.0,25.0,2.0,0.38,0.01,0.01,1.99,1.99,1.91
CAR,2025,CAR,CAR,Team Level,all,8,0.62,0.59,0.59,32298.0,323.42,34.62,21.26,79.67,10.99,167.74,124.71,32.4,34.9,32.68,271.0,168.0,160.0,599.0,24.0,40.0,2.0,53.0,2.0,172.0,148.0,247.0,415.0,50.0,103.0,240.0,295.0,40.0,140.0,321.0,75.0,43.0,9.49,9.58,15.54,9.0,9.0,6.0,608.86,439.0,445.3,58.0,4.77,8.07,8.07,31.32,31.61,30.71,231.55,21.22,15.34,58.0,7.95,119.77,85.72,20.27,21.19,20.24,201.0,107.0,114.0,422.0,10.0,27.0,0.0,24.0,1.0,123.0,123.0,191.0,298.0,51.0,103.0,275.0,345.0,40.0,148.0,226.0,56.0,26.0,6.68,7.22,7.32,2.0,6.0,2.0,417.29,308.0,305.59,64.0,3.46,5.73,5.73,18.95,18.97,18.64
CAR,2025,CAR,CAR,Team Level,5on5,8,0.56,0.58,0.58,23554.0,238.28,20.38,15.06,62.78,8.2,125.92,91.66,19.28,20.65,19.57,199.0,125.0,120.0,444.0,16.0,31.0,1.0,38.0,1.0,134.0,104.0,183.0,308.0,41.0,85.0,163.0,271.0,31.0,108.0,250.0,51.0,23.0,7.47,6.38,6.52,8.0,7.0,1.0,453.86,324.0,330.3,40.0,3.15,5.85,5.85,17.66,17.95,17.59,178.22,15.75,11.21,46.3,5.98,90.63,66.12,14.96,15.73,14.93,148.0,88.0,87.0,323.0,6.0,23.0,0.0,15.0,0.0,94.0,98.0,142.0,230.0,40.0,81.0,183.0,305.0,27.0,122.0,179.0,36.0,21.0,5.22,4.8,5.74,2.0,3.0,1.0,318.29,236.0,233.59,57.0,2.35,5.06,5.06,13.05,13.07,12.88
CAR,2025,CAR,CAR,Team Level,4on5,8,0.48,0.36,0.4,3293.0,19.34,2.73,1.05,2.74,0.59,5.71,12.18,2.24,2.73,2.24,18.0,7.0,2.0,27.0,1.0,3.0,0.0,1.0,0.0,2.0,18.0,17.0,24.0,5.0,10.0,26.0,13.0,6.0,12.0,15.0,4.0,6.0,0.5,0.51,1.72,0.0,1.0,0.0,27.0,25.0,25.0,12.0,0.25,0.67,0.67,2.31,2.31,2.16,28.03,2.92,2.44,6.52,0.95,15.73,8.44,2.84,2.92,2.84,23.0,14.0,10.0,47.0,2.0,2.0,0.0,5.0,1.0,15.0,12.0,21.0,35.0,5.0,10.0,36.0,12.0,2.0,13.0,25.0,10.0,2.0,0.9,1.25,0.78,0.0,1.0,1.0,47.0,37.0,37.0,0.0,0.65,0.42,0.42,3.15,3.15,3.1
CAR,2025,CAR,CAR,Team Level,5on4,8,0.84,0.89,0.86,3514.0,46.37,4.75,4.06,10.39,1.53,27.43,14.84,4.52,4.75,4.52,39.0,24.0,33.0,96.0,4.0,4.0,1.0,9.0,0.0,27.0,19.0,35.0,59.0,3.0,6.0,29.0,6.0,1.0,13.0,48.0,12.0,3.0,1.27,1.58,1.9,1.0,1.0,2.0,96.0,63.0,63.0,0.0,1.05,0.98,0.98,4.82,4.82,4.71,8.15,0.93,0.35,1.33,0.23,2.07,5.09,0.9,0.93,0.9,10.0,0.0,2.0,12.0,0.0,1.0,0.0,0.0,0.0,3.0,6.0,10.0,10.0,5.0,10.0,32.0,10.0,9.0,5.0,6.0,2.0,2.0,0.17,0.24,0.51,0.0,0.0,0.0,12.0,10.0,10.0,5.0,0.08,0.25,0.25,0.75,0.75,0.75
VGK,2025,VGK,VGK,Team Level,other,12,0.53,0.3,0.28,2286.0,11.69,4.52,0.77,1.92,0.36,5.33,3.1,4.31,4.52,4.31,11.0,5.0,13.0,29.0,6.0,2.0,1.0,1.0,0.0,5.0,2.0,5.0,10.0,1.0,2.0,11.0,7.0,3.0,10.0,5.0,3.0,8.0,0.12,0.33,4.07,0.0,0.0,6.0,29.0,16.0,16.0,6.0,0.21,0.45,0.45,4.29,4.29,4.11,29.56,3.99,2.17,6.15,1.05,19.16,8.48,3.72,3.99,3.72,25.0,16.0,27.0,68.0,1.0,2.0,0.0,1.0,0.0,25.0,12.0,24.0,40.0,2.0,4.0,25.0,9.0,1.0,6.0,29.0,9.0,3.0,1.38,1.0,1.61,0.0,0.0,1.0,68.0,41.0,41.0,3.0,0.62,0.28,0.28,4.33,4.33,4.02
VGK,2025,VGK,VGK,Team Level,all,12,0.54,0.48,0.48,46126.0,390.87,40.77,27.01,95.23,13.7,204.95,149.34,38.56,41.41,39.14,330.0,201.0,185.0,716.0,44.0,47.0,10.0,77.0,1.0,188.0,174.0,286.0,487.0,47.0,101.0,398.0,409.0,61.0,210.0,378.0,102.0,51.0,10.46,12.0,18.31,11.0,13.0,20.0,726.48,531.0,540.13,108.0,6.0,9.42,9.42,37.34,37.81,36.43,413.5,34.7,27.7,104.9,14.28,228.73,157.7,33.07,34.62,33.0,353.0,215.0,217.0,785.0,31.0,48.0,7.0,71.0,1.0,221.0,196.0,322.0,537.0,44.0,88.0,343.0,469.0,57.0,206.0,445.0,87.0,36.0,12.97,10.25,11.47,15.0,9.0,7.0,776.4,568.0,562.81,99.0,6.23,9.57,9.57,31.36,31.27,30.57
VGK,2025,VGK,VGK,Team Level,5on5,12,0.51,0.49,0.49,36327.0,311.53,25.76,20.31,79.58,10.89,164.57,122.88,24.62,26.4,25.21,256.0,168.0,143.0,567.0,25.0,33.0,6.0,66.0,0.0,152.0,148.0,231.0,399.0,43.0,91.0,317.0,389.0,43.0,182.0,315.0,82.0,27.0,8.68,9.78,7.29,7.0,10.0,8.0,577.48,424.0,433.13,92.0,4.24,5.95,5.95,24.04,24.51,24.03,319.92,25.09,19.93,84.49,11.11,170.59,126.79,24.17,25.01,24.09,269.0,169.0,157.0,595.0,25.0,38.0,5.0,54.0,1.0,160.0,160.0,244.0,413.0,39.0,78.0,260.0,453.0,49.0,181.0,344.0,67.0,27.0,9.54,7.99,7.56,12.0,8.0,5.0,586.4,438.0,432.81,90.0,4.14,7.98,7.98,21.25,21.17,20.92
VGK,2025,VGK,VGK,Team Level,4on5,12,0.2,0.14,0.15,4031.0,10.55,1.41,0.59,1.62,0.36,3.73,7.3,1.38,1.41,1.38,12.0,3.0,4.0,19.0,4.0,0.0,0.0,3.0,0.0,3.0,5.0,8.0,11.0,2.0,6.0,42.0,10.0,8.0,9.0,11.0,2.0,2.0,0.31,0.26,0.84,2.0,1.0,1.0,19.0,15.0,15.0,9.0,0.13,0.0,0.0,1.54,1.54,1.5,60.51,5.52,5.47,13.81,2.01,37.74,19.45,5.08,5.52,5.08,55.0,29.0,31.0,115.0,5.0,8.0,2.0,16.0,0.0,35.0,20.0,50.0,79.0,1.0,2.0,33.0,4.0,4.0,16.0,67.0,11.0,6.0,1.95,1.26,2.31,3.0,1.0,1.0,115.0,84.0,84.0,3.0,1.44,1.31,1.31,5.64,5.64,5.49
VGK,2025,VGK,VGK,Team Level,5on4,12,0.99,0.94,0.94,3482.0,57.09,9.08,5.35,12.11,2.08,31.32,16.06,8.25,9.08,8.25,51.0,25.0,25.0,101.0,9.0,12.0,3.0,7.0,1.0,28.0,19.0,42.0,67.0,1.0,2.0,28.0,3.0,7.0,9.0,47.0,15.0,14.0,1.35,1.63,6.09,2.0,2.0,5.0,101.0,76.0,76.0,1.0,1.42,3.02,3.02,7.47,7.47,6.78,3.51,0.1,0.13,0.45,0.1,1.24,2.98,0.1,0.1,0.1,4.0,1.0,2.0,7.0,0.0,0.0,0.0,0.0,0.0,1.0,4.0,4.0,5.0,2.0,4.0,25.0,3.0,3.0,3.0,5.0,0.0,0.0,0.1,0.0,0.0,0.0,0.0,0.0,7.0,5.0,5.0,3.0,0.03,0.0,0.0,0.13,0.13,0.13
TBL,2025,TBL,TBL,Team Level,other,7,0.67,0.66,0.67,1360.0,16.42,1.83,1.29,3.52,0.62,10.05,4.69,1.65,1.83,1.65,19.0,3.0,11.0,33.0,1.0,3.0,0.0,1.0,0.0,13.0,4.0,18.0,21.0,0.0,0.0,16.0,2.0,1.0,2.0,15.0,6.0,1.0,0.59,0.81,0.43,0.0,1.0,0.0,33.0,22.0,22.0,0.0,0.37,0.57,0.57,1.63,1.63,1.47,8.11,0.89,0.49,1.76,0.27,4.41,3.19,0.86,0.89,0.86,4.0,7.0,6.0,17.0,0.0,0.0,0.0,1.0,1.0,5.0,4.0,4.0,11.0,0.0,0.0,11.0,4.0,1.0,2.0,6.0,5.0,0.0,0.26,0.63,0.0,0.0,0.0,0.0,17.0,11.0,11.0,1.0,0.12,0.0,0.0,1.02,1.02,0.98
TBL,2025,TBL,TBL,Team Level,all,7,0.51,0.56,0.56,26722.0,227.8,19.42,15.23,57.21,8.01,129.64,84.5,18.67,19.36,18.62,196.0,118.0,134.0,448.0,15.0,21.0,2.0,46.0,1.0,144.0,87.0,181.0,299.0,40.0,85.0,175.0,228.0,39.0,95.0,245.0,53.0,16.0,7.43,6.42,5.57,7.0,5.0,3.0,443.54,314.0,310.79,44.0,3.5,2.53,2.53,20.38,20.26,19.66,182.4,18.93,12.34,42.81,6.14,96.42,70.37,18.16,19.09,18.32,156.0,91.0,108.0,355.0,16.0,16.0,1.0,30.0,1.0,80.0,104.0,140.0,231.0,44.0,93.0,219.0,300.0,36.0,101.0,173.0,53.0,21.0,5.35,6.57,7.0,5.0,4.0,7.0,359.69,247.0,250.06,48.0,2.8,3.2,3.2,18.52,18.61,18.1
TBL,2025,TBL,TBL,Team Level,5on5,7,0.53,0.55,0.55,19949.0,157.56,11.9,9.53,41.89,5.52,86.57,62.59,11.54,11.84,11.48,137.0,81.0,99.0,317.0,9.0,12.0,2.0,37.0,0.0,90.0,70.0,128.0,209.0,33.0,71.0,120.0,215.0,30.0,83.0,172.0,36.0,10.0,5.19,4.27,2.44,6.0,2.0,1.0,312.54,218.0,214.79,41.0,1.97,1.86,1.86,12.01,11.89,11.7,130.55,10.56,7.92,32.52,4.35,68.83,52.82,10.4,10.72,10.56,111.0,66.0,82.0,259.0,11.0,11.0,1.0,19.0,0.0,57.0,79.0,100.0,166.0,41.0,85.0,148.0,286.0,30.0,81.0,134.0,35.0,8.0,4.06,4.37,2.13,5.0,4.0,2.0,263.69,177.0,180.06,40.0,1.64,2.16,2.16,10.05,10.13,10.06
TBL,2025,TBL,TBL,Team Level,4on5,7,0.0,0.03,0.0,2639.0,0.0,0.0,0.0,0.0,0.0,0.0,0.0,0.0,0.0,0.0,0.0,0.0,2.0,2.0,0.0,0.0,0.0,0.0,0.0,0.0,0.0,0.0,0.0,2.0,4.0,22.0,8.0,7.0,5.0,0.0,0.0,0.0,0.0,0.0,0.0,0.0,0.0,0.0,2.0,0.0,0.0,3.0,0.0,0.0,0.0,0.0,0.0,0.0,38.15,6.47,3.49,7.53,1.29,21.19,11.02,6.01,6.47,6.01,35.0,16.0,19.0,70.0,5.0,4.0,0.0,10.0,0.0,17.0,15.0,30.0,46.0,1.0,2.0,25.0,3.0,2.0,13.0,28.0,12.0,11.0,0.81,1.46,4.2,0.0,0.0,5.0,70.0,51.0,51.0,3.0,0.94,0.71,0.71,6.69,6.69,6.3
TBL,2025,TBL,TBL,Team Level,5on4,7,0.85,0.91,0.9,2774.0,53.82,5.69,4.4,11.8,1.86,33.01,17.23,5.49,5.69,5.49,40.0,34.0,22.0,96.0,5.0,6.0,0.0,8.0,1.0,41.0,13.0,35.0,69.0,5.0,10.0,17.0,3.0,1.0,5.0,58.0,11.0,5.0,1.65,1.35,2.69,1.0,2.0,2.0,96.0,74.0,74.0,0.0,1.16,0.1,0.1,6.75,6.75,6.5,5.59,1.01,0.43,0.99,0.23,2.0,3.34,0.89,1.01,0.89,6.0,2.0,1.0,9.0,0.0,1.0,0.0,0.0,0.0,1.0,6.0,6.0,8.0,2.0,6.0,35.0,7.0,3.0,5.0,5.0,1.0,2.0,0.23,0.11,0.67,0.0,0.0,0.0,9.0,8.0,8.0,4.0,0.1,0.34,0.34,0.77,0.77,0.75
